ticker,event_date,event_type,alpha,beta,nearest_earnings_date,days_to_earnings,abs_days_to_earnings,earnings_surprise_pct,pre_earnings,CAR_pre20_pre1,CAR_0_1,CAR_0_5,CAR_0_10,CAR_0_20
AAPL,2024-11-19,S - Sale,0.0004425012294705,0.7746382965342219,2024-10-31 16:00:00,-13,13,2.28,False,-0.0329050799110977,-0.003786002142479,-0.0023911294184938,0.0192034905228738,0.0349560124616099
AAPL,2024-12-18,S - Sale,0.0004351122437651,0.7293366078546528,2025-01-30 16:00:00,27,27,2.26,True,0.0313894809881414,0.0114538847649757,0.0177763065735363,0.0193180784030795,-0.0282476554290525
AAPL,2025-02-04,S - Sale+OE,0.0010994602882374,0.7481413024998156,2025-01-30 16:00:00,-3,3,2.26,False,-0.0482824920232058,0.0058229111519046,-0.0107519993401358,0.0382488037994963,0.0708643560017108
AAPL,2025-04-03,S - Sale+OE,0.0008252255011083,0.6571389022706867,2025-05-01 16:00:00,19,19,1.5,True,0.0430620949129941,-0.0895469606246884,-0.1642785062558067,-0.0804074909809473,-0.052326963863302
AAPL,2025-04-25,S - Sale,0.0005910148930065,0.6803740013840581,2025-05-01 16:00:00,4,4,1.5,True,0.0373766677369181,-0.0048205290324808,0.0062274995535593,-0.0760226799956072,-0.0636327631299341
AAPL,2025-05-14,S - Sale,0.0001004236108574,0.931722099169034,2025-05-01 16:00:00,-9,9,1.5,False,-0.0786795412215875,-0.0121856818546176,-0.0300512226518737,-0.0732325296806438,-0.0639727120657779
ADBE,2024-12-10,S - Sale,-0.0018593717174123,0.8305695870802862,2024-12-11 16:00:00,1,1,3.01,True,0.0858721117771434,-0.0052085028903178,-0.1527742457531145,-0.1689202484004443,-0.159258721012359
ADBE,2025-01-28,S - Sale+OE,-0.0018593413402468,0.8706723718361598,2025-03-12 16:00:00,30,30,2.17,True,0.0661355433513884,-0.0024005980866991,-0.0078610262996521,-0.0041803080013606,0.0445319012122824
ADBE,2025-01-30,P - Purchase,-0.0018656451325165,0.8537523747991954,2025-03-12 16:00:00,28,28,2.17,True,0.0688484231347625,-0.0054519096137904,0.0033300231266415,-0.0018250195860237,0.0430701079142343
ADBE,2025-03-21,P - Purchase,-0.0008857861317949,0.7252068744365043,2025-03-12 16:00:00,-7,7,2.17,False,-0.0491142291665833,-0.0089342573852582,0.0161252399239736,0.0070391254577907,-0.040341398066935
ADBE,2025-05-06,S - Sale,-0.0012785028093136,0.781771273072353,2025-06-12 16:00:00,17,17,1.71,True,0.0540698356584474,0.01742057600197,0.0071759533093413,0.0444525244706918,0.0475837929950531
ADI,2024-11-04,S - Sale,-0.0002398203386702,1.201481161628554,2024-11-26 07:00:00,16,16,1.88,True,-0.0254720422367134,-0.0478172694222775,-0.0639233617115712,-0.1129419669756506,-0.0936973850673333
ADI,2024-11-05,S - Sale+OE,-0.0001955980029373,1.198428798960969,2024-11-26 07:00:00,15,15,1.88,True,0.0046303723093091,-0.0417134621060893,-0.0623848435619965,-0.1123500486307563,-0.0537838555320688
ADI,2024-12-12,S - Sale+OE,-0.0004789988440493,1.1572533628507435,2024-11-26 07:00:00,-11,11,1.88,False,-0.0364527293055122,0.0048622089778092,-0.0177115887375403,0.0052078166637114,0.0268919119739058
ADI,2025-01-03,S - Sale+OE,-0.0002250780792009,1.1797603119415814,2024-11-26 07:00:00,-25,25,1.88,False,0.0167507995721039,-0.0016129963201712,0.0309872459888506,0.0213016278258512,0.0345902221778927
ADI,2025-02-27,S - Sale+OE,-0.0005780053325932,1.1065381168991484,2025-02-19 07:00:00,-6,6,5.6,False,0.1707799349442771,-0.0006512010316414,0.0209833326637298,0.0268047341999973,-0.0138286177697946
ADI,2025-03-06,S - Sale,-0.0006366722717342,1.1127144973646126,2025-02-19 07:00:00,-11,11,5.6,False,,,,,
ADI,2025-03-06,S - Sale+OE,-0.0006366722717342,1.1127144973646126,2025-02-19 07:00:00,-11,11,5.6,False,,,,,
ADI,2025-03-12,S - Sale,-0.0006787694540452,1.1031394147744975,2025-02-19 07:00:00,-15,15,5.6,False,0.0243764577540468,-0.0158992268977032,-0.0083661841734485,-0.0391194556176592,-0.0387066108176224
ADI,2025-03-13,S - Sale,-0.0008612107355036,1.1037059897385908,2025-02-19 07:00:00,-16,16,5.6,False,-0.0123043115513566,0.0051929925178434,0.0245283952694485,-0.0133251657186962,-0.0182663037993512
ADI,2025-03-20,S - Sale,-7.203195379071282e-05,1.1105858132026192,2025-02-19 07:00:00,-21,21,5.6,False,-0.0098464151225699,-0.0286251988567986,-0.0141432957836238,-0.012518982953206,-0.0104459032296661
ADI,2025-03-05,S - Sale+OE,-0.0005666065133579,1.1155734032225193,2025-02-19 07:00:00,-10,10,5.6,False,0.195071044766335,-0.0007719746841199,0.008515524769258,-0.0423198890625467,-0.0469995202034995
ADI,2025-03-26,S - Sale,0.0001035608059735,1.1014753919419658,2025-02-19 07:00:00,-25,25,5.6,False,-0.0553521819067813,0.0062814660479813,0.002566376291302,-0.0811993077163504,-0.0671480186964136
ADI,2025-04-02,S - Sale+OE,8.800936263456518e-06,1.096278419498916,2025-02-19 07:00:00,-30,30,5.6,False,-0.0238765779612983,-0.0357712398739987,-0.0221583049757088,-0.0425014925280964,-0.0189476005728249
ADI,2025-04-17,S - Sale,-0.0005597405929389,1.0864547363660986,2025-05-22 07:00:00,24,24,9.37,True,-0.051695509359424,0.003872169872514,0.0161063072319825,0.035845016825214,0.0454495543618033
ADI,2025-05-02,S - Sale+OE,-0.0005787098872356,1.096479606361378,2025-05-22 07:00:00,14,14,9.37,True,0.023648884067946,0.0090826922867673,0.0321288376460784,0.0877126197677498,0.0291250496069251
ADI,2025-05-08,S - Sale,-0.0005252451683019,1.1745272981165245,2025-05-22 07:00:00,10,10,9.37,True,0.0334540769020207,0.0263559873961731,0.048591145258231,0.0396612543847142,-0.0006614804281431
ADP,2024-11-08,S - Sale+OE,0.0011140902782169,0.0908063213634697,2024-10-30 06:00:00,-7,7,5.32,False,0.0240393000117235,-0.0015894727410973,0.0044112875627816,-0.0283441656111953,-0.0073058698187975
ADP,2025-01-03,S - Sale,0.0008400828155916,0.181528116590281,2025-01-29 06:00:00,16,16,2.38,True,-0.0280128441108967,0.002993281044492,0.002643685416911,-0.0009714262068721,0.0033211410521472
ADP,2025-01-06,S - Sale+OE,0.0008207618285443,0.1802427880244957,2025-01-29 06:00:00,15,15,2.38,True,,,,,
ADP,2025-01-06,S - Sale,0.0008207618285443,0.1802427880244957,2025-01-29 06:00:00,15,15,2.38,True,,,,,
ADP,2025-01-07,S - Sale+OE,0.0007706364199318,0.1815544023741719,2025-01-29 06:00:00,14,14,2.38,True,-0.0355521276826793,0.0185137899536281,0.003433176949093,0.0272632318777874,0.0394072408168557
ADP,2025-01-08,S - Sale+OE,0.0008135888999994,0.1866143819570487,2025-01-29 06:00:00,13,13,2.38,True,-0.0107917764591296,0.0113911999879198,0.0079314336810053,0.0198407756472664,0.0211181702606631
ADP,2025-01-14,S - Sale+OE,0.0008125614630486,0.1858544441832303,2025-01-29 06:00:00,10,10,2.38,True,-0.0208883625660504,0.005138230921931,0.0119350754683209,0.0087726314509487,0.0431268305174238
ADP,2025-01-15,S - Sale+OE,0.0007728197283981,0.1880439372158839,2025-01-29 06:00:00,9,9,2.38,True,-0.0155554017292355,0.0110199616984448,0.0072398159663379,0.0042002296969468,0.0269167418155528
ADP,2025-02-04,S - Sale,0.0008260614945179,0.2148030730371782,2025-01-29 06:00:00,-4,4,2.38,False,,,,,
ADP,2025-02-04,S - Sale+OE,0.0008260614945179,0.2148030730371782,2025-01-29 06:00:00,-4,4,2.38,False,,,,,
ADP,2025-02-12,S - Sale+OE,0.00080502046764,0.2026396181376743,2025-01-29 06:00:00,-10,10,2.38,False,0.0239615392511301,0.009765077208746,0.0014629491961884,0.0118651201315564,0.0281964783930639
ADP,2025-03-12,S - Sale+OE,0.0010339977372912,0.1537665909681371,2025-01-29 06:00:00,-29,29,2.38,False,-0.0605190336742838,-0.0073203844124021,0.0121659596932813,0.0040296304800564,0.0372737442197486
ADP,2025-04-02,S - Sale,0.0012501418966202,0.1720446045510786,2025-04-30 06:00:00,19,19,2.93,True,0.0313802057742449,0.0025390131159785,-0.0703503457975926,-0.0231131250822434,-0.0478574068587882
ADP,2025-04-14,S - Sale+OE,0.000886992156711,0.2109413388147117,2025-04-30 06:00:00,11,11,2.93,True,0.0098836655494892,-0.0078823901244394,-0.0189938858535505,-0.0287842201708639,-0.0133795548649716
ADP,2025-05-14,S - Sale+OE,0.0013818982849036,0.3657782698929662,2025-04-30 06:00:00,-10,10,2.93,False,-0.0180926055005905,0.0200367623142028,0.0376849340705556,0.0355166264090125,0.0364488291496683
AMAT,2025-02-25,S - Sale,-0.0020130859426986,1.6967668189531304,2025-02-13 16:00:00,-7,7,3.67,False,0.0068669169353087,0.0225554396302561,-0.0152220005978771,0.0393685701499409,0.0858473387034123
AMAT,2025-04-03,S - Sale,-0.0022061363915162,1.6590210812694377,2025-05-15 16:00:00,29,29,3.45,True,-0.0130072932692636,0.0539245537431835,0.1095404926460393,0.0844854350809317,0.0919766150340603
AMAT,2025-04-07,P - Purchase,-0.0019281656180105,1.6432303535060218,2025-05-15 16:00:00,27,27,3.45,True,0.042140740846137,0.0547362897592074,0.0304126604613657,0.0292506841475496,0.0291040267961559
AMZN,2024-11-05,S - Sale,-8.967525249826698e-05,1.0960506534042356,2024-10-31 16:00:00,-3,3,25.22,False,0.0539116976931777,0.0092451114207671,-0.0026822144634067,0.0067249699926677,-0.0196755891522681
AMZN,2024-11-06,S - Sale,-0.00014474798893,1.0969404338022886,2024-10-31 16:00:00,-4,4,25.22,False,0.065396889096667,0.0037219896749143,-0.0129951894048904,0.0036889123990711,0.0026880519163217
AMZN,2024-11-08,S - Sale,-3.298659084212738e-05,1.09893926153048,2024-10-31 16:00:00,-6,6,25.22,False,0.0632814949396175,-0.0098573726521123,0.0218502312013307,-0.0116712683032723,-0.006120455699431
AMZN,2024-11-12,S - Sale,-3.0135860190326505e-05,1.0959023575831548,2024-10-31 16:00:00,-8,8,25.22,False,0.0479515293968774,0.0387775556903185,0.0161921208566149,-0.0296071854869651,0.0151673133104879
AMZN,2024-11-14,S - Sale,1.3182341998795367e-05,1.0895095875790244,2024-10-31 16:00:00,-10,10,25.22,False,0.0940560045343482,-0.0228560202885182,-0.030804719622588,-0.0687616746373089,-0.0075643957296309
AMZN,2024-11-19,S - Sale+OE,8.364982738990077e-05,1.088706285186431,2024-10-31 16:00:00,-13,13,25.22,False,0.0530257946326361,-0.0043075753694717,-0.035159535379174,0.0062400303664678,0.0613751173754943
AMZN,2024-11-25,S - Sale,-8.377902380529245e-05,1.0913211247960366,2024-10-31 16:00:00,-17,17,25.22,False,,,,,
AMZN,2024-11-25,S - Sale+OE,-8.377902380529245e-05,1.0913211247960366,2024-10-31 16:00:00,-17,17,25.22,False,,,,,
AMZN,2024-12-04,S - Sale,0.0002872084069816,1.1110327724516953,2024-10-31 16:00:00,-23,23,25.22,False,-0.0192988319160379,0.019959263320561,0.042515215357842,0.0368750646612996,0.036664252432548
AMZN,2024-12-06,S - Sale,0.0003412775078467,1.117893010884488,2024-10-31 16:00:00,-25,25,25.22,False,0.0223755315464384,0.0199883994507882,0.0233642515174576,0.0263519489402715,0.0074080459637946
AMZN,2024-12-11,S - Sale,0.0001544737539333,1.1186488370759489,2024-10-31 16:00:00,-28,28,25.22,False,0.0616363947254048,0.0049038158187572,0.0068303712306451,0.0055005307485287,-0.0052632530452859
AMZN,2025-02-14,S - Sale,0.0001829872401593,1.1052370006717729,2025-02-06 16:00:00,-6,6,25.36,False,-0.0206813998551395,-0.0120145748704271,-0.0229721404626849,-0.0433383052761698,-0.0303537992675726
AMZN,2025-02-19,S - Sale+OE,0.0001447516687707,1.1128479663492872,2025-02-06 16:00:00,-8,8,25.36,False,-0.0683680376306968,-0.0125472186177064,-0.0210216010857171,0.0018622784183255,0.0107447785534978
AMZN,2025-02-25,S - Sale,0.000129518397333,1.1117942081837322,2025-02-06 16:00:00,-12,12,25.36,False,,,,,
AMZN,2025-02-25,S - Sale+OE,0.000129518397333,1.1117942081837322,2025-02-06 16:00:00,-12,12,25.36,False,,,,,
AMZN,2025-03-05,S - Sale,0.0003057059741336,1.0662536629230084,2025-02-06 16:00:00,-18,18,25.36,False,-0.043097987528535,-0.0028167590723454,0.0008697488314667,-0.0002610957306422,0.0058318550998954
AMZN,2025-04-03,S - Sale,9.876834369629328e-05,1.077334626623379,2025-05-01 16:00:00,19,19,16.77,True,-0.0078214290580225,-0.0045532734313745,0.0159999721052322,-0.0028820643561394,-0.0248331604887304
AMZN,2025-05-05,S - Sale,0.000324513130931,1.1333352116379976,2025-05-01 16:00:00,-2,2,16.77,False,-0.0352886144434257,-0.0087139201390708,0.017976736741394,0.0073448520995,0.0073461813576937
AMZN,2025-05-14,S - Sale,8.516349924708852e-05,1.074911677207732,2025-05-01 16:00:00,-9,9,16.77,False,0.0203844769744998,-0.0354252634115163,-0.0365755275787142,-0.0351356745506229,-0.0370652382761444
AMZN,2025-05-19,S - Sale+OE,-8.04758410865299e-05,1.068769422787029,2025-07-31 16:00:00,8,8,27.19,True,-0.0126220924467865,-0.0034005010087682,0.0045589811961202,0.0032289936693016,0.0034161873397698
AMZN,2025-05-23,S - Sale+OE,0.0001356763184093,1.0833673767741463,2025-07-31 16:00:00,4,4,27.19,True,0.0120476709762459,0.0002673448174792,-0.0024550483136165,-0.0020352666261799,-0.0020352666261799
ANET,2024-11-05,S - Sale+OE,0.0012580892473757,1.680381332307861,2024-11-07 16:00:00,2,2,15.31,True,,,,,
ANET,2024-11-05,S - Sale,0.0012580892473757,1.680381332307861,2024-11-07 16:00:00,2,2,15.31,True,,,,,
ANET,2024-11-06,S - Sale+OE,0.0011803450989071,1.6828953727050893,2024-11-07 16:00:00,1,1,15.31,True,-0.0251375863376456,-0.0142887186691086,-0.0979732240223102,-0.107007712511964,-0.0701386613568402
ANET,2024-11-08,S - Sale,0.0012599988364086,1.6890345906805542,2024-11-07 16:00:00,-1,1,15.31,False,-0.0172201414962629,-0.073702743728144,-0.0858300881235829,-0.1148373415899809,-0.0628830038760468
ANET,2024-11-25,S - Sale,0.0007418317266119,1.670769113514273,2024-11-07 16:00:00,-12,12,15.31,False,-0.050156336509699,-0.0115493117122562,-0.0229547445003684,-0.0155769294315098,0.0129779250149048
ANET,2024-12-04,S - Sale,0.0008333655412808,1.6487746930001688,2024-11-07 16:00:00,-18,18,15.31,False,0.0182054080915724,0.0105262827989782,-0.0025042321765872,0.0387884207167859,0.0457303637669107
ANET,2024-12-10,S - Sale+OE,0.0005252028470818,1.6441868698638324,2024-11-07 16:00:00,-22,22,15.31,False,0.0470157800475954,-0.0133455950039247,0.0425700902301404,0.0747724894706233,0.0670386012247638
ANET,2024-12-11,S - Sale,0.0004507379127048,1.6452940376477665,2024-11-07 16:00:00,-23,23,15.31,False,0.028834919657731,0.0010073272393725,0.066110166170998,0.0825422253567657,0.0813395263780446
ANET,2025-01-06,S - Sale,0.0007781428068155,1.6177593805759165,2025-02-18 16:00:00,28,28,13.96,True,0.0250385289808056,0.010746735106136,0.0282142519973659,0.0428225422983655,0.0796330615139486
ANET,2025-01-08,S - Sale+OE,0.0009059650755034,1.6048969621809726,2025-02-18 16:00:00,26,26,13.96,True,0.0469788585327922,0.0018915171030887,0.0073800461801529,0.021489715491605,-0.0785563027354696
ANET,2025-01-23,S - Sale,0.0008693687630442,1.5962104543537283,2025-02-18 16:00:00,17,17,13.96,True,0.0826133960595147,-0.0023705350961857,-0.1487367553116434,-0.0627098481412071,-0.1179119241444002
ANET,2025-02-05,S - Sale,0.0010858703999143,1.567163581687534,2025-02-18 16:00:00,8,8,13.96,True,-0.0242851287538851,0.0131602525166698,0.0595516997233771,-0.0846943477378875,-0.1459962703132183
ANET,2025-02-10,S - Sale+OE,0.0009524262913552,1.5675948979603551,2025-02-18 16:00:00,5,5,13.96,True,0.0177331596256313,-0.0249715325105345,-0.1451409162393363,-0.1730533689625712,-0.1905420509220858
ANET,2025-02-18,S - Sale,0.0012455236797628,1.5261529243692966,2025-02-18 16:00:00,0,0,13.96,False,-0.0304885787253967,-0.029819905700143,-0.0459807946518491,-0.050515123345802,-0.1198479897531541
ANET,2025-02-21,S - Sale,0.0014832938683011,1.5274384913152723,2025-02-18 16:00:00,-3,3,13.96,False,-0.1470486853651428,-0.0172655677926525,-0.0037948256525714,-0.0598002307638552,-0.0509202604920852
ANET,2025-02-25,S - Sale,0.0014339550817876,1.5215197676418115,2025-02-18 16:00:00,-5,5,13.96,False,-0.173488072012095,0.0535104721855432,0.0343916347661402,-0.0262695367162847,0.020126647527642
ANET,2025-02-26,S - Sale,0.0004391535434142,1.715264307228406,2025-02-18 16:00:00,-6,6,13.96,False,-0.1566802656556982,0.0302260771777342,-0.0129214528455425,-0.0311016998096065,0.0411229760156679
ANET,2025-02-28,S - Sale,0.0007091845719991,1.7262914563369145,2025-02-18 16:00:00,-8,8,13.96,False,-0.1689824841228354,-0.0127396880856385,-0.0429414976823898,-0.0639800282043021,-0.0240535138349839
ANET,2025-03-05,S - Sale,0.0013009134471699,1.6978105656907598,2025-02-18 16:00:00,-11,11,13.96,False,-0.1342130144086438,0.0040652757537106,-0.0237460840406784,0.0175526556037839,0.0007709490807934
ANET,2025-03-10,S - Sale+OE,0.0013205226864556,1.684160252502969,2025-02-18 16:00:00,-14,14,13.96,False,-0.0962618407054132,0.0185012264145064,0.0379229302535265,0.0320801091075756,-0.0004643514957048
ANET,2025-04-03,S - Sale,-0.0001358442261905,1.737299954299239,2025-05-06 16:00:00,22,22,9.98,True,-0.0246597038239473,-0.0026971917852929,0.1117326037221836,-0.0103575412402123,-0.0348041665709644
ANET,2025-04-09,S - Sale+OE,7.902226181319525e-05,1.7279334903432728,2025-05-06 16:00:00,18,18,9.98,True,,,,,
ANET,2025-04-09,S - Sale,7.902226181319525e-05,1.7279334903432728,2025-05-06 16:00:00,18,18,9.98,True,,,,,
ANET,2025-04-24,S - Sale,0.0006471690996386,1.7093230582180865,2025-05-06 16:00:00,8,8,9.98,True,-0.0373122209237603,0.0290709807867773,0.0560970762321341,0.1269309518317109,0.0930069392959626
ANET,2025-05-05,S - Sale,0.0002657920504109,1.7150609977139388,2025-05-06 16:00:00,1,1,9.98,True,0.1005103070893723,0.0243441024996217,-0.046300382136364,-0.05030738591291,-0.0694641088534771
ANET,2025-05-08,S - Sale+OE,0.000667363230599,1.6832368651083909,2025-05-06 16:00:00,-2,2,9.98,False,0.0478049500390392,-0.0185445833645338,0.0002342745418796,-0.0278133103337238,-0.0611147410881693
ANET,2025-05-23,S - Sale,-0.0001312934302679,1.411248825090195,2025-08-05 16:00:00,4,4,12.38,True,-0.0500152093644388,-0.0005036904435529,-0.0104260226955972,-0.0771917214177906,-0.0771917214177906
APP,2024-11-14,S - Sale,0.0052496788412725,1.790826633407075,2024-11-06 16:00:00,-6,6,19.64,False,0.5266060746157786,0.0660967520480322,0.1278008623313153,0.1489616967316596,0.1632725181952225
APP,2024-11-22,S - Sale,0.0057185825750234,1.782699922513049,2024-11-06 16:00:00,-12,12,19.64,False,,,,,
APP,2024-11-22,S - Sale+OE,0.0057185825750234,1.782699922513049,2024-11-06 16:00:00,-12,12,19.64,False,,,,,
APP,2024-11-25,S - Sale+OE,0.005645434092628,1.7787373733261114,2024-11-06 16:00:00,-13,13,19.64,False,0.6822064653700043,-0.036543263629009,-0.0307333192032209,0.0238659747960837,-0.1685335529625929
APP,2024-11-26,S - Sale,0.0056515485356384,1.780479745603594,2024-11-06 16:00:00,-14,14,19.64,False,0.6233174225400376,0.0162876745605475,0.0208329826884352,0.114467714640434,-0.0847614896929665
APP,2024-11-29,S - Sale,0.0058637167303406,1.7815661121738136,2024-11-06 16:00:00,-16,16,19.64,False,0.075372887316877,0.0043241523029613,0.0463268585168399,-0.0448096508357059,-0.123218618803961
APP,2024-12-02,S - Sale,0.0059638743420886,1.753180256328443,2024-11-06 16:00:00,-17,17,19.64,False,0.0976031722111469,0.0517947142376404,0.0929743331516089,-0.1266484020690987,-0.0829280177810288
APP,2024-12-03,S - Sale,0.0056299355231269,1.7307127827252755,2024-11-06 16:00:00,-18,18,19.64,False,0.0858984377375144,0.0550183116373581,0.1063431205426867,-0.1249312568678839,-0.0779253937356309
APP,2024-12-05,S - Sale,0.0056697197226424,1.784389787610534,2024-11-06 16:00:00,-20,20,19.64,False,0.1499459713555592,0.0509054396696668,-0.1544619559792065,-0.1807591953993182,-0.1719772496184974
APP,2024-12-10,S - Sale,0.0083513138932192,1.964942977916268,2024-11-06 16:00:00,-23,23,19.64,False,,,,,
APP,2024-12-10,S - Sale+OE,0.0083513138932192,1.964942977916268,2024-11-06 16:00:00,-23,23,19.64,False,,,,,
APP,2024-12-11,S - Sale,0.008221144185201,1.9660650247586071,2024-11-06 16:00:00,-24,24,19.64,False,-0.1718197804209539,-0.0202660851969541,-0.008721161092929,0.0133053898258508,-0.060515285679347
APP,2024-12-12,S - Sale+OE,0.0081379687163072,1.9580459761020723,2024-11-06 16:00:00,-25,25,19.64,False,,,,,
APP,2024-12-12,S - Sale,0.0081379687163072,1.9580459761020723,2024-11-06 16:00:00,-25,25,19.64,False,,,,,
APP,2024-12-23,S - Sale,0.0087896627510719,1.8684257337153076,2024-11-06 16:00:00,-32,32,19.64,False,-0.1121058425935699,-0.0585432491669528,-0.0662811872201503,-0.0289678668573663,-0.1294227754685065
APP,2025-02-24,S - Sale,0.0067722007687919,2.023796673133366,2025-02-12 16:00:00,-7,7,37.53,False,0.0633233060560187,-0.0546826514883293,-0.1944562247664855,-0.3439905898789989,-0.2151115059870409
APP,2025-03-04,S - Sale+OE,0.0070955386584878,2.0121794269739866,2025-02-12 16:00:00,-13,13,37.53,False,-0.0156170656714331,-0.0946811543293582,-0.2123377521939615,-0.1061427174898371,-0.0385450963474527
APP,2025-03-12,S - Sale,0.0071549065059788,2.0043976937703687,2025-02-12 16:00:00,-19,19,37.53,False,-0.4232965685362844,0.0558816364239738,0.1076218326347484,0.1116503994398891,0.0243237415657973
APP,2025-05-14,S - Sale+OE,0.0075052981272725,1.9661744026846537,2025-05-07 16:00:00,-5,5,15.78,False,0.0420723461536686,-0.0345806077958849,-0.0489675963311145,-0.0743247009842663,-0.0370508251230588
APP,2025-05-15,S - Sale,0.00757458963728,1.9649364375796217,2025-05-07 16:00:00,-6,6,15.78,False,,,,,
APP,2025-05-15,S - Sale+OE,0.00757458963728,1.9649364375796217,2025-05-07 16:00:00,-6,6,15.78,False,,,,,
APP,2025-05-21,S - Sale,0.0076859356894311,1.9661635903302104,2025-08-06 16:00:00,6,6,1.71,True,0.023198549544403,-0.0253232306800465,-0.0053997069274049,0.0311518373393571,0.0311518373393571
APP,2025-05-22,S - Sale+OE,0.0078480695937363,1.9722965766493523,2025-08-06 16:00:00,5,5,1.71,True,,,,,
APP,2025-05-22,S - Sale,0.0078480695937363,1.9722965766493523,2025-08-06 16:00:00,5,5,1.71,True,,,,,
APP,2025-05-28,S - Sale,0.0083857525463368,1.9807877986041984,2025-08-06 16:00:00,2,2,1.71,True,-0.0269226892922317,-0.0053130477832067,0.015540673191688,0.015540673191688,0.015540673191688
AVGO,2024-12-19,S - Sale,-0.0001510245620394,1.991140394042534,2024-12-12 16:00:00,-5,5,2.04,False,0.3421729072400738,-0.0305786058689864,0.0100643829571437,0.0500930337526556,0.0231299302879193
AVGO,2024-12-26,S - Sale,-0.0001202351392945,1.99578591978406,2024-12-12 16:00:00,-9,9,2.04,False,0.3510033011158122,0.0400387945565197,0.0407121077228458,0.0118279760113846,0.0038387647951292
AVGO,2024-12-27,S - Sale,-0.0001396460735073,1.991985854619899,2024-12-12 16:00:00,-10,10,2.04,False,0.3390743678137635,0.0151098459962412,0.0157423333735358,-0.0210033223941969,0.0030664614200717
AVGO,2025-01-06,S - Sale,-0.0003282533306879,2.022809473072666,2024-12-12 16:00:00,-15,15,2.04,False,-0.0056385928249499,-0.0024774982197976,0.0133708582761239,0.0180427383407,0.0211565273616236
AVGO,2025-01-08,S - Sale,-0.000189499780971,2.029831877849259,2024-12-12 16:00:00,-17,17,2.04,False,0.0191819407109701,0.0042445043240925,0.0280369642222641,0.0242913004516732,-0.1045876442885145
AVGO,2025-01-10,S - Sale,-0.000135536536396,2.0270035738089707,2024-12-12 16:00:00,-18,18,2.04,False,0.0536824827475376,0.0113445815703541,-0.00908091179842,0.0197465774134634,-0.0636225518091956
AVGO,2025-03-26,S - Sale,0.0011793006297356,2.125369245382785,2025-03-06 16:00:00,-14,14,6.11,False,0.00620020797196,-0.0360729839693841,-0.0047792670040204,0.0765815001500738,0.1113865365682385
AVGO,2025-03-28,S - Sale,0.0013333763897508,2.1445314033297724,2025-03-06 16:00:00,-16,16,6.11,False,-0.0928626662051313,0.0399216993349331,0.0193108509022668,0.1643984310058137,0.1671567650328809
AVGO,2025-04-15,S - Sale,0.0017665454863852,2.066122170484612,2025-03-06 16:00:00,-28,28,6.11,False,0.095866050460759,0.0399156315205635,0.0200412599531493,-0.0052097673302983,-0.0267147244773347
AVGO,2025-04-16,S - Sale,0.0018108729204564,2.06331558337722,2025-03-06 16:00:00,-29,29,6.11,False,0.1050278222186994,0.0173013897394166,0.0401813182311435,-0.0079843494797995,-0.0167566178051239
AVGO,2025-05-16,S - Sale,0.0017909778970052,1.75170502084336,2025-06-05 16:00:00,9,9,0.59,True,0.0011357843315327,-0.028167362751989,0.0023795334774932,0.0069495148618082,0.0217232180596041
CRM,2024-11-04,S - Sale,-0.0002485260519726,0.929880966015328,2024-12-03 16:00:00,20,20,-1.47,True,0.0274664715102683,-0.0002860663834222,0.0383818284179256,0.0799726989315889,0.1179253086743386
CRM,2024-11-06,S - Sale+OE,-0.0001753110686006,0.9355006263869596,2024-12-03 16:00:00,18,18,-1.47,True,0.0214195611342954,0.0029161918524337,0.0992248080285969,0.081382767593219,0.1125444742515003
CRM,2024-11-22,S - Sale+OE,-0.0002770914998133,0.8994962508225997,2024-12-03 16:00:00,6,6,-1.47,True,0.102250377862273,0.0173800882391304,-0.0193938500741546,-0.0319463168059669,0.0320474386690017
CRM,2024-11-25,S - Sale+OE,-0.0002576828388638,0.8998749950899376,2024-12-03 16:00:00,5,5,-1.47,True,0.1049454088854575,-0.0040565805046983,-0.04408120766952,0.0311939987833524,0.0031850760626826
CRM,2024-11-26,S - Sale,-0.0003515736661199,0.9016139480841596,2024-12-03 16:00:00,4,4,-1.47,True,0.1098432682685656,-0.0259715885094863,-0.0331399811841202,0.0372066423118302,0.012411003077946
CRM,2024-12-20,S - Sale+OE,1.714739464178639e-05,0.8937848316642397,2024-12-03 16:00:00,-13,13,-1.47,False,,,,,
CRM,2024-12-20,S - Sale,1.714739464178639e-05,0.8937848316642397,2024-12-03 16:00:00,-13,13,-1.47,False,,,,,
CRM,2024-12-23,S - Sale+OE,0.0001614375749192,0.8923682328180371,2024-12-03 16:00:00,-14,14,-1.47,False,0.035307897085322,-0.0188309759906121,-0.0228136448368121,-0.0263919057060325,-0.0610629429618305
CRM,2024-12-26,S - Sale+OE,0.0002110391900459,0.8975030526880984,2024-12-03 16:00:00,-16,16,-1.47,False,,,,,
CRM,2024-12-26,S - Sale,0.0002110391900459,0.8975030526880984,2024-12-03 16:00:00,-16,16,-1.47,False,,,,,
CRM,2024-12-27,S - Sale,0.0002981808816668,0.8970461862449604,2024-12-03 16:00:00,-17,17,-1.47,False,-0.0666767361891864,0.0034998379631301,0.0094982001865058,-0.0283078226882825,-0.0385666334508542
CRM,2025-01-03,S - Sale+OE,-2.6356766349771785e-05,0.8894438385172407,2024-12-03 16:00:00,-21,21,-1.47,False,-0.0379698743178686,-0.0089249997279469,-0.0205769919593865,-0.0264707426330338,-0.0225377456373474
CRM,2025-01-16,S - Sale+OE,-3.780094955562277e-05,0.9242801273279077,2025-02-26 16:00:00,27,27,6.43,True,-0.0379036254032418,0.00495423597485,0.0060569323754362,0.0183739717934078,0.0735260856353332
CRM,2025-01-23,S - Sale+OE,-8.127236070218575e-05,0.9005155666024098,2025-02-26 16:00:00,23,23,6.43,True,-0.0264901158183579,0.006432117705208,0.0926113920122527,0.0462579356818606,0.0005314087099553
CRM,2025-02-04,S - Sale+OE,-8.470463416346995e-05,0.908031239302952,2025-02-26 16:00:00,15,15,6.43,True,,,,,
CRM,2025-02-04,S - Sale,-8.470463416346995e-05,0.908031239302952,2025-02-26 16:00:00,15,15,6.43,True,,,,,
CRM,2025-02-19,S - Sale+OE,-0.0002515239118905,0.8803710684654722,2025-02-26 16:00:00,5,5,6.43,True,-0.0864225974113249,-0.0282972154675455,-0.0296509511446068,-0.0425068974580174,-0.0446093129077187
CRM,2025-02-24,S - Sale+OE,-0.000142234686219,0.8653756089952731,2025-02-26 16:00:00,2,2,6.43,True,-0.0929716752171486,0.0097914984132955,-0.0077564537487883,-0.0111718345633166,-0.0172512167278466
CRM,2025-02-25,S - Sale+OE,-0.0001274996510133,0.8649059443854696,2025-02-26 16:00:00,1,1,6.43,True,-0.0901904129434151,0.0065436627075437,-0.0136990379635392,-0.0341895764027846,-0.021067336807357
CRM,2025-02-26,S - Sale,0.0002729660495307,0.7933611151786093,2025-02-26 16:00:00,0,0,6.43,False,-0.1033647887541462,-0.0162101405250356,-0.0148668707064095,-0.0443846995409807,-0.0290041535386564
CRM,2025-03-03,P - Purchase,0.0002401503187457,0.8133863030727626,2025-02-26 16:00:00,-3,3,6.43,False,-0.0596174084167616,-0.0117451423028612,-0.0240968468275251,-0.0230515628610531,-0.0146849892864571
CRM,2025-03-04,S - Sale+OE,0.0005584590739384,0.7750410260482901,2025-02-26 16:00:00,-4,4,6.43,False,-0.055289654113382,-0.0131165409091506,-0.0308053270109509,-0.0254960939294926,-0.0245495178977953
CRM,2025-03-18,S - Sale+OE,0.0002226026767691,0.7834839358631493,2025-02-26 16:00:00,-14,14,6.43,False,-0.035023811996168,-0.0029150234192467,-0.0004322188370573,-0.0192845741081737,-0.0381730937299905
CRM,2025-03-27,S - Sale,0.0001226918416247,0.7937127380344157,2025-02-26 16:00:00,-21,21,6.43,False,-0.0105446473059277,-0.0141260075488591,-0.0193023979459108,-0.0448026340221933,-0.0453975088095202
CRM,2025-03-25,S - Sale+OE,0.0001668075141885,0.7937521933235006,2025-02-26 16:00:00,-19,19,6.43,False,-0.0016827324306784,-0.0049061528975987,-0.0191191163773469,-0.0500123024999817,-0.0568935122801043
CRM,2025-04-04,P - Purchase,-3.138501284279582e-05,0.7993075221353338,2025-02-26 16:00:00,-27,27,6.43,False,-0.0333455838344718,-0.0101634739404262,0.0093309794308263,-0.0163278953522343,0.0094744849537617
CRM,2025-04-17,S - Sale,0.00116768454365,0.7714731581323939,2025-05-28 16:00:00,27,27,1.31,True,-0.054468034021757,-0.0105145040452762,-0.0283532572863174,0.0157577336571513,0.0290908321101174
CRM,2025-04-24,S - Sale+OE,0.0008974196845098,0.7785108360111541,2025-05-28 16:00:00,23,23,1.31,True,-0.0370561673237331,0.0356997171157983,0.030120148452391,0.0317657566872794,0.0314699245635253
CRM,2025-05-05,S - Sale,0.0008898827422867,0.8331406776511464,2025-05-28 16:00:00,16,16,1.31,True,0.0133608963476743,0.0053950184305704,-0.0007185444261972,-0.0030631031857457,-0.0536208192702515
CRM,2025-05-15,S - Sale+OE,0.00040644880209,0.8038415142416209,2025-05-28 16:00:00,8,8,1.31,True,0.0010051682139231,-0.0021093683201933,-0.0106562965442161,-0.0471223498668079,-0.0931348157146678
CRM,2025-05-23,S - Sale+OE,0.0005611221031829,0.8385073853046037,2025-05-28 16:00:00,2,2,1.31,True,-0.0204040116613773,-0.0285148416698682,-0.0353402001435397,-0.0758470356330868,-0.0758470356330868
CRM,2025-05-28,S - Sale,0.0006716060450855,0.8411716428089668,2025-05-28 16:00:00,0,0,1.31,False,-0.078033555733542,-0.0375280977876582,-0.0412828257952821,-0.0412828257952821,-0.0412828257952821
CRWD,2024-11-08,S - Sale,8.199959268207185e-05,1.355010556494922,2024-11-26 16:00:00,12,12,14.94,True,0.0094506155566698,-0.003567178550997,0.0535726814167607,0.0704679384730388,0.0667918926958585
CRWD,2024-11-15,S - Sale,6.268494216795301e-05,1.3427958548585788,2024-11-26 16:00:00,7,7,14.94,True,0.0954683517930123,0.0078832771176277,0.0268665915326852,0.0596330420189993,0.019311303452728
CRWD,2024-12-02,S - Sale+OE,-0.0005684758921738,1.3222866373424398,2024-11-26 16:00:00,-3,3,14.94,False,0.0261211037892855,-0.0054077959904692,0.015365448258916,0.0159280730327949,0.0368170905227116
CRWD,2024-12-04,S - Sale,-0.0006164791321902,1.320442152750048,2024-11-26 16:00:00,-5,5,14.94,False,-0.0003449030735295,0.0288077786909282,-0.0032021161467355,0.0276387511867836,0.0230197068243475
CRWD,2024-12-06,S - Sale+OE,-0.0006324086970476,1.3271094291969066,2024-11-26 16:00:00,-7,7,14.94,False,0.0213028531299976,-0.0078928336136815,-0.0234355928873345,0.0378538590352528,-0.0062947525893411
CRWD,2024-12-16,S - Sale,-0.0003405853484053,1.3272597618514794,2024-11-26 16:00:00,-13,13,14.94,False,-0.0398819354052793,0.0129720110989933,0.0139582984558008,-0.0074789828168702,0.0050751758121057
CRWD,2024-12-18,S - Sale+OE,-0.0002330631999588,1.3247608804438462,2024-11-26 16:00:00,-15,15,14.94,False,0.0157524346341965,-0.0180473066480152,-0.0143640777633147,-0.028769071573709,0.0028234629539618
CRWD,2024-12-26,S - Sale,-0.0002774494361354,1.3151258688632392,2024-11-26 16:00:00,-20,20,14.94,False,-0.0101007738921559,-0.008719611553925,-0.0170696033533466,0.0110426047879053,0.029763477402438
CRWD,2025-01-03,S - Sale,-0.0007148068048825,1.3271679454693537,2024-11-26 16:00:00,-25,25,14.94,False,-0.0009382606152771,0.0108770186322428,0.0219058563013422,0.0013455528291643,0.042952227475616
CRWD,2025-01-16,S - Sale,-0.0004154956528183,1.3171740248813184,2025-03-04 16:00:00,31,31,19.85,True,0.0324270076037102,-0.021177293552708,-0.0028966878781286,0.0085959223609731,0.140205490851795
CRWD,2025-02-06,S - Sale,-0.0003999360244548,1.3515186215763384,2025-03-04 16:00:00,17,17,19.85,True,0.1234951736543939,0.0227548135564148,0.0388967650162549,0.0603335377230798,-0.0020961828290984
CRWD,2025-02-11,S - Sale,-0.0003597179471223,1.3482306280593654,2025-03-04 16:00:00,14,14,19.85,True,0.1697719895132371,0.0183852746070281,0.0328964684007491,-0.0338300459088259,-0.0071388670955971
CRWD,2025-02-18,S - Sale,-0.0001384757449036,1.3572635697620643,2025-03-04 16:00:00,10,10,19.85,True,0.0835102735157542,-0.0051702231418519,-0.0673841360745065,-0.059620880030472,-0.1829148573659961
CRWD,2025-02-19,S - Sale,-0.0003785674396263,1.3433061092657836,2025-03-04 16:00:00,9,9,19.85,True,0.1154001783075483,-0.036523937529413,-0.094290459045853,-0.065714073407007,-0.1181126347477172
CRWD,2025-03-04,S - Sale,0.000350566995001,1.350434918497951,2025-03-04 16:00:00,0,0,19.85,False,-0.027742028593026,-0.0596221287957466,-0.1240052252812116,-0.0263961563102927,-0.0080713540359562
CRWD,2025-03-17,S - Sale,0.0008570875826888,1.335684698453828,2025-03-04 16:00:00,-9,9,19.85,False,0.0086353253367656,0.0437819690405774,0.0181800488775036,0.0261099720135909,0.0685439461246461
CRWD,2025-03-25,S - Sale,0.0002777455728399,1.3731209850116084,2025-03-04 16:00:00,-15,15,19.85,False,-0.0308350153490462,0.0190380590812041,0.0240308480998522,0.063723684245417,0.1211972699137617
CRWD,2025-04-02,S - Sale,0.0005225696683759,1.355899635147429,2025-03-04 16:00:00,-21,21,19.85,False,0.0563744778137276,0.028395750528516,0.039218388652578,0.0972554063108002,0.1040324628933531
CRWD,2025-04-08,S - Sale,-0.0004762244052227,1.3350331393225392,2025-03-04 16:00:00,-25,25,19.85,False,0.0496617857592092,0.0323241838179098,0.0636522287286223,0.095567307814284,0.1344942867248453
CRWD,2025-04-10,S - Sale+OE,9.863483081094496e-05,1.342957204079782,2025-03-04 16:00:00,-27,27,19.85,False,0.0707976460224893,0.0303566277983172,0.0615821883939907,0.0601785913832316,0.1025073522663832
CRWD,2025-04-16,S - Sale,0.0003766507086839,1.3689103424978248,2025-06-03 16:00:00,30,30,10.62,True,0.1383079005400741,-0.0011306191777236,-0.0010025042068981,0.0337450699002489,0.0494209393323248
CRWD,2025-04-22,S - Sale,0.0008252247589246,1.3480880213041404,2025-06-03 16:00:00,27,27,10.62,True,0.1207928831375615,-0.0090115881902555,0.0348713758078452,0.0217669080580574,-0.0607162798306376
CRWD,2025-04-28,S - Sale,0.0003653260422428,1.3057068001525232,2025-06-03 16:00:00,23,23,10.62,True,0.1294899811022961,0.0078346099435944,-0.0093688205582075,-0.0336362025424918,-0.1005124930683021
CRWD,2025-05-02,S - Sale,0.0002358478289614,1.3032768802721133,2025-06-03 16:00:00,19,19,10.62,True,0.0592902646819414,0.0002616344206617,-0.0237608380706014,-0.0768534046749348,-0.0596665913808511
CRWD,2025-05-06,S - Sale,0.0002677008340589,1.2828837200710614,2025-06-03 16:00:00,17,17,10.62,True,0.0451997611270401,-0.0402078835328758,-0.0822124228324533,-0.1044429805170245,-0.0366632145234195
CRWD,2025-05-28,S - Sale,0.0014554811112137,1.2910046755095392,2025-06-03 16:00:00,2,2,10.62,True,-0.0079461961948219,-0.0299219366336443,0.0001785647738857,0.0001785647738857,0.0001785647738857
CSCO,2024-11-19,S - Sale,0.0003419783973173,0.3568324260101544,2024-11-13 16:00:00,-4,4,51.45,False,0.0231114441504146,-0.0006381745011127,0.016215283286358,0.0221471236540517,0.0062851946605443
CSCO,2024-11-21,S - Sale,0.0003420883181776,0.3575748663137754,2024-11-13 16:00:00,-6,6,51.45,False,0.0276553060707147,0.0168517700093781,0.0306783224675054,0.0227747811106725,-0.0053258442018308
CSCO,2024-12-02,S - Sale,0.0002391892151695,0.3591588115277595,2024-11-13 16:00:00,-12,12,51.45,False,0.0087015857362054,-0.0008178064920539,-0.0015988309522342,-0.0207781918082307,-0.0218225573106533
CSCO,2024-12-06,S - Sale,0.0003351018078416,0.3769123346879136,2024-11-13 16:00:00,-16,16,51.45,False,0.0194380406767673,-0.0055527732654243,-0.0317445846657229,-0.0394696738025011,-0.0112938670154054
CSCO,2024-12-12,S - Sale,0.0003513622185222,0.3760439521481541,2024-11-13 16:00:00,-20,20,51.45,False,-0.0070437403331628,0.0018539208984941,-0.003997181619062,0.0051166849315135,0.0196738759768311
CSCO,2025-02-18,S - Sale,0.0007804855549993,0.374131519933329,2025-02-12 16:00:00,-3,3,3.41,False,0.072521197058793,-0.0025573027950385,-0.007442741396245,0.0038451880227355,-0.0049022920297593
CSCO,2025-02-24,S - Sale,0.0010097400272663,0.3684679965838633,2025-02-12 16:00:00,-7,7,3.41,False,0.0318841233023328,0.0121533253631422,0.0099458110874074,0.010314744454365,-0.0358543465136572
CSCO,2025-02-27,S - Sale,0.0006975066477992,0.4028170688343697,2025-02-12 16:00:00,-10,10,3.41,False,0.0348464816642421,0.0037243053259305,0.0010884507439673,0.0115928044936875,-0.0287420654636715
CSCO,2025-03-12,S - Sale,0.0010093114698098,0.402543409500633,2025-02-12 16:00:00,-19,19,3.41,False,-0.0241333837899749,-0.0155697757657467,-0.0089636979191951,-0.0221014005677315,0.0029841659362363
CSCO,2025-05-20,S - Sale,0.0012655420011249,0.6228734826421587,2025-05-14 16:00:00,-4,4,4.64,False,0.0324011943007047,-0.0026764291283592,-0.002169296857643,-0.0208550686388872,-0.0208550686388872
CSCO,2025-05-29,S - Sale,0.0012883855187629,0.62502667500212,2025-08-13 16:00:00,1,1,1.3,True,0.0035337484681429,-0.0077416255905149,-0.0077416255905149,-0.0077416255905149,-0.0077416255905149
DELL,2024-11-19,S - Sale+OE,0.0010950130962405,1.7273683919189458,2024-11-26 16:00:00,5,5,4.25,True,0.0942791672307979,-0.0333187643922378,0.0361815852410789,-0.1015213607671294,-0.1842495519216812
DELL,2024-11-26,S - Sale,0.0009491510585327,1.7050975029869435,2024-11-26 16:00:00,0,0,4.25,False,0.0102664524660555,-0.1417312374603223,-0.1309788308999541,-0.2251751374350761,-0.2902807648551301
DELL,2024-12-04,S - Sale,0.0015078535833952,1.6804380498889129,2024-11-26 16:00:00,-5,5,4.25,False,-0.1001496429828987,-0.0258431256300837,-0.0420806941554833,-0.1069446247154295,-0.1215560458812439
DELL,2024-12-09,S - Sale+OE,0.0013897517930222,1.6514825330738163,2024-11-26 16:00:00,-8,8,4.25,False,,,,,
DELL,2024-12-09,S - Sale,0.0013897517930222,1.6514825330738163,2024-11-26 16:00:00,-8,8,4.25,False,,,,,
DELL,2024-12-11,S - Sale,0.0013556351867576,1.6547435549916971,2024-11-26 16:00:00,-10,10,4.25,False,-0.205056134201293,-0.0006282884761725,-0.0250528011477123,-0.0095795919555538,0.0001009345180114
DELL,2024-12-17,S - Sale+OE,0.001213263446183,1.667802793762694,2024-11-26 16:00:00,-14,14,4.25,False,-0.2633744699180737,0.0066169167726067,0.0164285972756418,0.0123393981610768,0.0557308659374803
DELL,2025-01-08,S - Sale+OE,0.0006613807362142,1.6627257689097037,2024-11-26 16:00:00,-28,28,4.25,False,,,,,
DELL,2025-01-08,S - Sale,0.0006613807362142,1.6627257689097037,2024-11-26 16:00:00,-28,28,4.25,False,,,,,
DELL,2025-01-24,S - Sale+OE,-0.001080597217515,1.5367657212851429,2025-02-27 16:00:00,23,23,6.42,True,-0.0628294314284168,0.0044062421765329,-0.0620709884019168,-0.0686886268081099,-0.0045944271828157
DELL,2025-02-20,S - Sale+OE,-0.0016675871217279,1.5170766463312877,2025-02-27 16:00:00,5,5,6.42,True,0.1358073207717915,0.0158036497340026,-0.0019440187334844,-0.0528445525242911,-0.0203111594423273
DELL,2025-04-01,S - Sale,-0.0019148106582958,1.5668741379156177,2025-02-27 16:00:00,-23,23,6.42,False,0.0359177536462509,0.0221487597095418,-0.0517354894351468,-0.0151319389271614,0.0824693174435639
DELL,2025-05-16,S - Sale,-0.0014052855000016,1.5062346261790975,2025-05-29 16:00:00,8,8,-8.38,True,0.0354105566109958,0.0235655449598582,0.0346081840144083,0.0497930995099061,0.0177937203573632
EBAY,2024-11-06,S - Sale,0.0021683214709075,0.2296416286762295,2024-10-30 16:00:00,-5,5,0.84,False,-0.1107585010246939,-0.0061759811957108,-0.0042325498605498,-0.0213831235180631,0.0161753964656124
EBAY,2024-11-19,S - Sale+OE,0.0019609582502743,0.2200648647464061,2024-10-30 16:00:00,-14,14,0.84,False,-0.0456900776031068,-0.0155966817401782,0.0195467735456236,0.0147324348764289,0.0261957624427196
EBAY,2024-11-27,S - Sale,0.0020428805490378,0.2107158704958434,2024-10-30 16:00:00,-20,20,0.84,False,0.0340677493122686,-0.0127754559601879,-0.0342489106025734,-0.0402054464940094,-0.0468164355295651
EBAY,2024-12-05,S - Sale,0.0019376497105887,0.2984597145161162,2024-10-30 16:00:00,-25,25,0.84,False,-0.0133982592216864,-0.0010269171762404,-0.0077342679213173,-0.0075403672151487,-0.0234596650653784
EBAY,2024-12-17,S - Sale+OE,0.001861333507115,0.271173572316146,2024-10-30 16:00:00,-33,33,0.84,False,-0.0554641500523077,0.0142117864296875,0.0220501753990429,-0.0215966506016064,-0.0305146886891439
EBAY,2025-01-06,S - Sale,0.0017993692330005,0.2321746773003649,2025-02-26 16:00:00,34,34,4.26,True,-0.0471692002758487,0.0231503466693362,0.0716522225073873,0.0496794003292128,0.0300902342664089
EBAY,2025-01-17,S - Sale+OE,0.0013451676503301,0.2333667329247649,2025-02-26 16:00:00,26,26,4.26,True,0.0299298325970484,0.0125007759839142,-0.0298506744465495,0.0197841734940726,0.0138587754350543
EBAY,2025-02-05,S - Sale,0.0007636391775284,0.2672228363332453,2025-02-26 16:00:00,14,14,4.26,True,0.0172105851212394,0.0048038581816164,0.0155186256632607,0.0322313640209279,0.0560107509235418
EBAY,2025-02-19,S - Sale+OE,0.0011197861122262,0.300190165569915,2025-02-26 16:00:00,5,5,4.26,True,0.0355497061994092,-0.0057739439535961,0.0098624847513017,-0.0617007680437408,-0.0365535615614058
EBAY,2025-03-05,S - Sale,0.0013953195441211,0.2479414229569014,2025-02-26 16:00:00,-5,5,4.26,False,-0.0147998069958189,0.0180772587279084,0.0294576352942048,-0.0181046857280815,-0.0179146642349784
EBAY,2025-03-18,S - Sale+OE,0.0013208971102848,0.2470650773547518,2025-02-26 16:00:00,-14,14,4.26,False,-0.041136084106007,-0.0044770885223674,-0.0288252791684411,-0.0080712994305905,-0.0819490206111169
EBAY,2025-03-20,S - Sale,0.0014313736952351,0.2305746467440904,2025-02-26 16:00:00,-16,16,4.26,False,0.0556624569292889,-0.024537956681567,-0.0257542008205828,-0.0047553039238335,-0.0932088979988424
EBAY,2025-04-03,S - Sale,0.0012422569039555,0.2995897131666826,2025-04-30 16:00:00,18,18,3.19,True,0.0319357557899138,-0.0425731016185291,-0.0855991559246554,-0.036022459795142,-0.0129555258307978
EBAY,2025-04-07,S - Sale,0.0016565373967125,0.2836698707274619,2025-04-30 16:00:00,16,16,3.19,True,-0.0609916033199273,-0.0441809697201409,0.0057310247036684,0.0325444504902515,0.0291628178469066
EBAY,2025-04-17,S - Sale+OE,0.0012785721319247,0.3589514837811329,2025-04-30 16:00:00,8,8,3.19,True,-0.0069112154626871,0.0112438927310736,0.0202595641386816,0.0047381557400911,0.0160947957561055
EBAY,2025-05-05,S - Sale+OE,0.0015242889993747,0.3559457988770145,2025-04-30 16:00:00,-3,3,3.19,False,-0.0054157737759141,0.0283161143564377,0.0069989737304664,-0.0064429718336643,0.0102514744959435
EBAY,2025-05-06,S - Sale,0.001279877097292,0.4088044069348998,2025-04-30 16:00:00,-4,4,3.19,False,0.0305522531076542,-0.0079555898546811,-0.0183245838316941,-0.0200533178592107,-0.0150248773221941
EBAY,2025-05-08,S - Sale,0.0010094830002332,0.4153831549535949,2025-04-30 16:00:00,-6,6,3.19,False,0.0034314623620435,-0.009898951908287,-0.0415662580415018,-0.0107372866885694,-0.007650243611593
EBAY,2025-05-13,S - Sale+OE,0.0012038585696625,0.3855875705367262,2025-04-30 16:00:00,-9,9,3.19,False,-0.0385917552587199,-0.0115446776356585,0.0232819245050991,0.0281143271676462,0.036813358020426
EBAY,2025-05-22,S - Sale,0.0015301685615397,0.3881739771720762,2025-07-30 16:00:00,5,5,5.63,True,0.0106572098989026,0.0044895597206049,0.0006195680400325,0.011831046674378,0.011831046674378
EBAY,2025-05-23,S - Sale+OE,0.0015324235482548,0.3867609791691872,2025-07-30 16:00:00,4,4,5.63,True,0.0096796214635202,-0.0008676111700259,-0.0048108867435001,0.0064934303656326,0.0064934303656326
GOOGL,2024-11-01,S - Sale,0.0003516091640154,0.9102558535467448,2024-10-29 16:00:00,-3,3,14.83,False,0.0550559954809988,-0.0065820080213288,-0.0136218283892842,-0.0078160389536621,-0.0666013205392619
GOOGL,2024-11-04,S - Sale,0.0002449714018309,0.9048661781922092,2024-10-29 16:00:00,-4,4,14.83,False,0.0476360943319957,-0.0194304308636779,-0.010693403722667,-0.0185309793090635,-0.0771643599983315
GOOGL,2024-11-06,S - Sale,1.3032356603744858e-07,0.9252439562163908,2024-10-29 16:00:00,-6,6,14.83,False,0.0242035656117094,0.0226543816541171,0.0191837097480393,0.0049793819731639,-0.0371678747922755
GOOGL,2024-11-07,S - Sale,-0.0001153231480873,0.9197973227977244,2024-10-29 16:00:00,-7,7,14.83,False,0.0524077605666728,-0.0037094927022489,0.0150327318554091,-0.0068701139178054,-0.0418407575641111
GOOGL,2024-11-12,S - Sale,-3.202469018362468e-05,0.9216027671535564,2024-10-29 16:00:00,-10,10,14.83,False,0.0546532960899668,-0.0047292005908489,-0.0141933271430071,-0.0741327925636071,-0.052956860346472
GOOGL,2024-11-18,S - Sale,-0.0001873869704808,0.9272499049206367,2024-10-29 16:00:00,-14,14,14.83,False,0.0322235749099837,0.0175534743410089,-0.0592600386334265,-0.0345452107022456,-0.0394452452227346
GOOGL,2024-11-21,S - Sale,-6.553352259677998e-05,0.9212267242235384,2024-10-29 16:00:00,-17,17,14.83,False,-0.0131867980737861,-0.0662600470791911,-0.0480769371385504,-0.0511029118006465,0.0607277530112738
GOOGL,2024-12-02,S - Sale,0.0001549345909651,0.9082933743862104,2024-10-29 16:00:00,-23,23,14.83,False,-0.0615944228021359,0.0014665483478471,0.0031525050573418,0.0988364163494203,0.1110163006049915
GOOGL,2024-12-10,S - Sale,-9.576853236005722e-05,0.917456964092761,2024-10-29 16:00:00,-29,29,14.83,False,-0.0469461267989167,0.0974175493555675,0.0738021868115132,0.0997855812599921,0.1034216930155527
GOOGL,2024-12-13,S - Sale,-5.392159734353364e-05,0.91786726359177,2024-10-29 16:00:00,-32,32,14.83,False,0.1155260719200978,-0.0121955059722967,0.0060351242540572,0.0214451051738521,0.0173802585619188
GOOGL,2024-12-17,S - Sale,0.0002390573444195,0.873399951630901,2025-02-04 16:00:00,31,31,1.18,True,0.1083166806428534,-0.0087851949409395,-0.0014075842602815,-0.0019183265944068,0.0118802631081916
GOOGL,2025-01-02,S - Sale,0.0001366363803416,0.8828218436212161,2025-02-04 16:00:00,21,21,1.18,True,0.0119089303148884,-0.0013652413134227,0.023571456374419,0.0204400240272306,0.0139895033186986
GOOGL,2025-01-03,S - Sale,0.0001613404991967,0.8792453607564257,2025-02-04 16:00:00,20,20,1.18,True,0.0257643116640307,-0.0032482731980823,0.0140639067953321,0.0162239060781331,0.00783247343042
GOOGL,2025-01-13,S - Sale,0.0006594200149981,0.8935662857441042,2025-02-04 16:00:00,15,15,1.18,True,0.007025473961811,-0.0082747993504978,-0.0041523773137496,-0.0151865768091116,0.031103933223275
GOOGL,2025-01-15,S - Sale,0.0008039717283146,0.9180526705637866,2025-02-04 16:00:00,13,13,1.18,True,0.0033262670523401,0.0015801341872976,0.0029359454049151,0.0059522697250217,0.0457921502215212
GOOGL,2025-01-30,S - Sale,0.0007626313392805,0.9630891698410808,2025-02-04 16:00:00,3,3,1.18,True,-0.0093552161236761,0.042330575057469,0.0512624599289434,-0.048892003052139,-0.0804587129481627
GOOGL,2025-01-31,S - Sale,0.0006450179267256,0.9656297540405772,2025-02-04 16:00:00,2,2,1.18,True,0.0117811936934891,0.0177014070323444,-0.0485864118326502,-0.0769087220639832,-0.1036893210504306
GOOGL,2025-02-03,S - Sale,0.0006596166668177,0.9645133694531168,2025-02-04 16:00:00,1,1,1.18,True,0.0316283421569284,0.0091357546157939,-0.0907003208515604,-0.1096547945652897,-0.1275909103996967
GOOGL,2025-02-19,S - Sale,0.0003792768040133,0.9601685910967536,2025-02-04 16:00:00,-10,10,1.18,False,-0.0820930739385601,0.0073484538039607,0.010501648030753,-0.0200986799646146,0.0158708838056389
GOOGL,2025-02-20,S - Sale,0.0003991325139576,0.9609180085724932,2025-02-04 16:00:00,-11,11,1.18,False,-0.1004451205843352,-0.0055811966160464,-0.0053792097205331,-0.0272568302374513,0.0152440355603302
GOOGL,2025-02-21,S - Sale,0.0004349913779024,0.9482099157899496,2025-02-04 16:00:00,-12,12,1.18,False,-0.1183576899001476,-0.0061631764886905,-0.0245641013869486,-0.0230875742712445,0.0050371524133878
GOOGL,2025-02-28,S - Sale,0.0002721567005903,0.9555784798896372,2025-02-04 16:00:00,-17,17,1.18,False,-0.0493102484665849,-0.0053144728886089,0.0249698158717131,0.0405977727419709,0.0079897648427494
GOOGL,2025-03-03,S - Sale,0.0003706064419107,0.9596579488320957,2025-02-04 16:00:00,-18,18,1.18,False,-0.0522081934590285,0.0321782468964215,0.052464045437307,0.0350307692114496,0.0140995554970074
GOOGL,2025-03-13,S - Sale,-0.0002180556350443,0.9852733553823454,2025-02-04 16:00:00,-26,26,1.18,False,0.0265530511213667,-0.0152219642543525,-0.0302507756751225,-0.0246447683479354,-0.0545113935217397
GOOGL,2025-03-27,S - Sale,-0.0005448197129397,0.9428751153413254,2025-04-24 16:00:00,19,19,39.84,True,-0.0243453931328237,-0.0342710789977813,-0.0223770635497133,0.0078062717363641,0.0191520080632312
GOOGL,2025-03-31,S - Sale,-0.0005239283793058,0.9379503995924352,2025-04-24 16:00:00,17,17,39.84,True,-0.055027397512256,0.011888367679028,0.0414712877613987,0.0427511049573893,0.0404778608650545
GOOGL,2025-04-01,S - Sale,-0.0004936282600622,0.932388327404888,2025-04-24 16:00:00,16,16,39.84,True,-0.0428908733266859,0.000316102561518,0.0369751625523974,0.0480360165173247,0.0371969491472773
GOOGL,2025-04-04,S - Sale,-0.0003143244104047,0.9112083895542588,2025-04-24 16:00:00,13,13,39.84,True,-0.0241383510266673,0.0193529985536314,0.0188940975735628,0.0379483394685167,0.0235200325117662
GOOGL,2025-04-14,S - Sale,-0.0003969531789278,0.9234127903003332,2025-04-24 16:00:00,7,7,39.84,True,0.0157806101657514,-0.0097277809161395,-0.0126548541281845,-0.0073425235773696,-0.018054780535498
GOOGL,2025-04-18,S - Sale,-0.0004124478827236,0.9250459800236336,2025-04-24 16:00:00,4,4,39.84,True,0.0382814404239696,,0.0049326096798052,0.0038075436695925,-0.0596312934326563
GOOGL,2025-05-01,S - Sale,-0.0004722948875849,0.9654024672101308,2025-04-24 16:00:00,-5,5,39.84,False,-0.0156758676842378,0.0044284341890792,0.0160338296240491,-0.0589346355582452,-0.0053534215601725
GOOGL,2025-05-09,S - Sale,-0.0003846314785503,0.8809320910198394,2025-04-24 16:00:00,-11,11,39.84,False,-0.0557040549652268,-0.0095706353310739,0.0134836479749794,0.0186520029608,0.0552257556729682
GOOGL,2025-05-15,S - Sale,-0.0004984947075226,0.8826311009476993,2025-07-23 16:00:00,10,10,5.09,True,-0.0483700368883568,0.0030996355005528,-0.0060277486715975,0.0418179309782387,0.0455360084625519
GOOGL,2025-05-23,S - Sale,-0.0004609807407559,0.878811776188841,2025-07-23 16:00:00,4,4,5.09,True,0.0060846328791506,-0.0048303977638765,0.002093515161137,-0.0011851393742585,-0.0011851393742585
IBM,2024-11-08,S - Sale,0.0016086181239127,0.4220433922858979,2024-10-23 16:00:00,-12,12,3.33,False,-0.1204443661645972,-0.0018475225320407,-0.0107719023364639,-0.0191444443451586,0.0513080133958511
IBM,2024-11-13,P - Purchase,0.0015650133656277,0.4254461492023514,2024-10-23 16:00:00,-15,15,3.33,False,-0.1329522192190543,-0.0081549467112131,-0.0083264014416479,0.0505999816214656,0.0575195037244223
IBM,2025-02-28,P - Purchase,0.0009334991439824,0.3396509326099798,2025-01-29 16:00:00,-21,21,3.81,False,0.015857081693331,-0.0096001222137038,-0.0113968087971944,0.0292009905594091,-0.0351813138486108
IBM,2025-03-03,S - Sale,0.0016500682673352,0.3371924065436423,2025-01-29 16:00:00,-22,22,3.81,False,0.0066727524088208,0.0099459614191473,0.0402215710774402,-0.0110729944701299,-0.0369137741757751
INTC,2024-11-06,P - Purchase,-0.0043213353963193,1.462805109656523,2024-10-31 16:00:00,-4,4,-1422.64,False,0.1036306026917694,0.0647160751841165,0.0260985280876567,0.0638108805419009,0.0447249315846288
INTC,2024-11-08,S - Sale,-0.0045110221744416,1.4561496985880282,2024-10-31 16:00:00,-6,6,-1422.64,False,0.1518609553014642,0.0020586307833856,-0.0281407735359779,0.0159557203473897,-0.0210328096542231
LRCX,2024-11-04,S - Sale,-0.0012581083081695,1.8482694017003491,2024-10-23 16:00:00,-8,8,6.51,False,-0.0832187779208807,0.0038830335287234,-0.0525351342386085,-0.0741414590570042,-0.0831756749754151
LRCX,2025-02-21,S - Sale+OE,-0.0022384218723444,1.723378308921927,2025-01-29 16:00:00,-16,16,5.63,False,0.095251878118501,0.0063814035774815,-0.0022954739750052,0.0015608066747089,0.1193266478976002
META,2024-11-01,S - Sale+OE,0.0018732334260502,1.1781822393278298,2024-10-30 16:00:00,-2,2,13.86,False,-0.0476767848979281,-0.0120392976686496,-0.0564953287299651,-0.0617631270682616,-0.0911238883077083
META,2024-11-05,S - Sale,0.0017363920657315,1.178723454685927,2024-10-30 16:00:00,-4,4,13.86,False,-0.0588974448488087,-0.0347794693200469,-0.0267076045370948,-0.0588134107579289,-0.0728286115518291
META,2024-11-07,S - Sale,0.0015929052014203,1.1829946951115713,2024-10-30 16:00:00,-6,6,13.86,False,-0.0686800160203287,0.0082906525566017,-0.00220593872151,-0.0229624008889516,-0.0324315678024655
META,2024-11-19,S - Sale+OE,0.0013038508122799,1.1791853409989002,2024-10-30 16:00:00,-14,14,13.86,False,-0.0899705439171199,0.0064016624412523,-0.0098492616964959,-0.0013668256396473,0.0268673410752754
META,2024-11-21,S - Sale,0.0012419408392028,1.1955645047456582,2024-10-30 16:00:00,-16,16,13.86,False,-0.0765606125565432,-0.0161594887080233,-0.0037647891152748,-0.0076144974752662,0.030894845356116
META,2024-11-26,S - Sale,0.0011790436111184,1.1885578439306466,2024-10-30 16:00:00,-19,19,13.86,False,-0.067772713643521,0.0045961446541109,0.002579272847649,0.0414762597963261,0.0175580161468167
META,2024-11-27,S - Sale,0.001193686175683,1.193098337262929,2024-10-30 16:00:00,-20,20,13.86,False,-0.0248109424897569,-0.0016783571697765,0.0157548408535974,0.0349264445760791,0.0057988941896351
META,2024-12-04,S - Sale,0.0010922743207006,1.2004125367826863,2024-10-30 16:00:00,-24,24,13.86,False,,,,,
META,2024-12-04,S - Sale+OE,0.0010922743207006,1.2004125367826863,2024-10-30 16:00:00,-24,24,13.86,False,,,,,
META,2024-12-05,S - Sale,0.0011504491536227,1.2026041360865969,2024-10-30 16:00:00,-25,25,13.86,False,0.0093586479321307,0.0065548422437611,0.0077392901005922,-0.0084309758629227,-0.0423293347069814
META,2024-12-09,S - Sale+OE,0.0010197204640243,1.1702858004279817,2024-10-30 16:00:00,-27,27,13.86,False,0.0414038548471563,0.0011646418637928,-0.0142169729546858,-0.0253977684642136,-0.0440797764637555
META,2024-12-11,S - Sale,0.0008831654535134,1.1714948094779385,2024-10-30 16:00:00,-29,29,13.86,False,,,,,
META,2024-12-11,S - Sale+OE,0.0008831654535134,1.1714948094779385,2024-10-30 16:00:00,-29,29,13.86,False,,,,,
META,2024-12-12,S - Sale,0.0008824465046194,1.169976598628736,2024-10-30 16:00:00,-30,30,13.86,False,0.0429081123730144,-0.0149952940813939,-0.0281197486403992,-0.0559142581235663,-0.0448475724571264
META,2024-12-16,S - Sale+OE,0.000827657071493,1.1725762562646254,2025-01-29 16:00:00,28,28,18.67,True,0.0316876702337938,-0.0130387675348919,-0.0406004428778477,-0.0388911672973316,-0.0172919191956709
META,2024-12-18,S - Sale,-7.265021161471507e-05,1.0739253332408936,2025-01-29 16:00:00,26,26,18.67,True,,,,,
META,2024-12-18,S - Sale+OE,-7.265021161471507e-05,1.0739253332408936,2025-01-29 16:00:00,26,26,18.67,True,,,,,
META,2024-12-19,S - Sale,8.835081752677209e-05,1.0707719520242285,2025-01-29 16:00:00,25,25,18.67,True,0.0305947527253976,-0.0301624503289755,-0.0171660574820358,-0.0139179828778668,0.0178018926088658
META,2024-12-23,S - Sale+OE,6.045510066939616e-05,1.0629308251197571,2025-01-29 16:00:00,23,23,18.67,True,-0.0209389941290597,0.0132348422693544,0.0164176485842361,0.0396363802960041,0.0739071767719323
META,2024-12-26,S - Sale,0.000142774048742,1.070824272740546,2025-01-29 16:00:00,21,21,18.67,True,,,,,
META,2024-12-26,S - Sale+OE,0.000142774048742,1.070824272740546,2025-01-29 16:00:00,21,21,18.67,True,,,,,
META,2024-12-30,S - Sale+OE,0.0001473036205007,1.0738189971882393,2025-01-29 16:00:00,19,19,18.67,True,-0.0225736301534047,-0.0017672022491216,0.0130651783369914,0.031343404252232,0.0260178511055854
META,2025-01-02,S - Sale,8.72049615561199e-05,1.072924625066615,2025-01-29 16:00:00,17,17,18.67,True,-0.0419655758309129,0.0149670012551496,0.044515964015982,0.0592227722597046,0.0250950130327182
META,2025-01-06,S - Sale+OE,0.000213065932676,1.0676080784205195,2025-01-29 16:00:00,15,15,18.67,True,-0.0044114166833738,0.0292627205208544,0.043628271129889,0.0262925313120689,0.0494674087557737
META,2025-01-08,S - Sale,0.0002470366409427,1.0642426952346575,2025-01-29 16:00:00,13,13,18.67,True,,,,,
META,2025-01-08,S - Sale+OE,0.0002470366409427,1.0642426952346575,2025-01-29 16:00:00,13,13,18.67,True,,,,,
META,2025-01-10,S - Sale,0.0002020610952442,1.0668715343320818,2025-01-29 16:00:00,12,12,18.67,True,0.046697834445834,0.0255901097815942,0.0084819728508978,-0.0055962232205733,0.1044491106345757
META,2025-01-13,S - Sale+OE,0.0002813148180897,1.0648557092200386,2025-01-29 16:00:00,11,11,18.67,True,0.057091755929392,-0.0294099679997915,-0.0315329776127392,-0.0170039485929621,0.0837154385791088
META,2025-01-15,S - Sale,0.0002823586544553,1.0644730191247982,2025-01-29 16:00:00,9,9,18.67,True,,,,,
META,2025-01-15,S - Sale+OE,0.0002823586544553,1.0644730191247982,2025-01-29 16:00:00,9,9,18.67,True,,,,,
META,2025-01-16,S - Sale,0.0001792218212996,1.0635897228451985,2025-01-29 16:00:00,8,8,18.67,True,0.0493812773715134,-0.014012067746874,-0.015027764137803,0.0232882060307118,0.120561734913119
META,2025-01-21,S - Sale+OE,9.145821583333134e-05,1.055776542387412,2025-01-29 16:00:00,6,6,18.67,True,0.0287134731100568,-0.0030454160349387,0.0377801834268007,0.116963293972418,0.1517328215274992
META,2025-01-22,S - Sale+OE,9.40039746790142e-05,1.0544778564438,2025-01-29 16:00:00,5,5,18.67,True,0.0278363568528573,0.0161852655015274,0.0900703105274778,0.117812987582461,0.1595908587424069
META,2025-01-23,S - Sale,5.731327525633696e-05,1.0535778064838692,2025-01-29 16:00:00,4,4,18.67,True,0.0011634472195193,0.0408878654945295,0.0928050994127773,0.1202069329336353,0.1696109546341231
META,2025-01-27,S - Sale+OE,-7.84145454920238e-05,1.0398140188242162,2025-01-29 16:00:00,2,2,18.67,True,0.0242751984541327,0.0520450075299828,0.0797800647855309,0.1039581066954307,0.1260859122045703
META,2025-01-29,S - Sale,1.560254736698006e-05,1.022587226237018,2025-01-29 16:00:00,0,0,18.67,False,,,,,
META,2025-01-29,S - Sale+OE,1.560254736698006e-05,1.022587226237018,2025-01-29 16:00:00,0,0,18.67,False,,,,,
META,2025-01-30,S - Sale,8.33129310431447e-05,1.0162951676807672,2025-01-29 16:00:00,-1,1,18.67,False,0.0938127463603657,0.0187882631449872,0.0387441367808323,0.0597818160573331,0.0171538153333569
META,2025-02-03,S - Sale+OE,0.0001236211106271,1.0145292013447,2025-01-29 16:00:00,-3,3,18.67,False,0.0956532435751824,0.0198779351189807,0.0407831041914496,0.0379247024823259,-0.0042363849755841
META,2025-02-05,S - Sale,0.0001523903132581,1.0023624833044904,2025-01-29 16:00:00,-5,5,18.67,False,,,,,
META,2025-02-05,S - Sale+OE,0.0001523903132581,1.0023624833044904,2025-01-29 16:00:00,-5,5,18.67,False,,,,,
META,2025-02-06,S - Sale,0.0002607026344038,1.0123096922811623,2025-01-29 16:00:00,-6,6,18.67,False,0.1206719285447348,0.02174753755512,0.0223209630719005,0.0251419215678666,-0.0157494876067254
META,2025-02-10,S - Sale+OE,0.0001808346119181,1.0132736452176618,2025-01-29 16:00:00,-8,8,18.67,False,0.1566784862103317,0.0007271803335018,0.003769017666899,-0.0513549470375427,-0.0330454555842725
META,2025-02-12,S - Sale+OE,0.0003785925295628,0.996238863209381,2025-01-29 16:00:00,-10,10,18.67,False,0.1567475587798643,-0.0039212590021689,0.0027794720713987,-0.0477431509052679,-0.0504389709862673
META,2025-02-13,S - Sale,0.0003171581271014,1.0001192638468677,2025-01-29 16:00:00,-11,11,18.67,False,0.1465637495014206,-0.0042366021882299,-0.032833818770178,-0.0544158230684104,-0.045648961910138
META,2025-02-18,S - Sale+OE,0.000398421801014,1.010554672465669,2025-01-29 16:00:00,-13,13,18.67,False,0.0682871456181336,-0.0474289546273219,-0.0502416303180721,-0.0389352135730403,-0.0744562673127973
META,2025-02-19,S - Sale+OE,0.0002232759067224,1.0119763005407787,2025-01-29 16:00:00,-14,14,18.67,False,0.0338573955927181,-0.0267435394338119,-0.0314869283712775,-0.0087620463757927,-0.0285733192849897
META,2025-02-24,S - Sale+OE,9.310978924086328e-06,1.0153472032222708,2025-01-29 16:00:00,-17,17,18.67,False,-0.0268188557113912,-0.0124419881362285,0.013417697696885,-0.0050360819757651,-0.0178113050655535
META,2025-02-26,S - Sale,0.0005444580159363,0.9568253295450884,2025-01-29 16:00:00,-19,19,18.67,False,-0.0430859730056551,0.0247713303996091,0.0287433985652362,-0.0101647938510891,-0.0455867594561995
META,2025-02-27,S - Sale,0.0004828731416585,0.9622915891716296,2025-01-29 16:00:00,-20,20,18.67,False,-0.0251650852963881,0.002281122207702,-0.0125494267815781,-0.0311198786352967,-0.0770316482955883
META,2025-02-28,S - Sale,0.000568642351456,0.9662403448009425,2025-01-29 16:00:00,-21,21,18.67,False,-0.0388619180099253,-0.0012175534006576,-0.0050748678803687,-0.0410534146611935,-0.0754456536014075
META,2025-03-03,S - Sale,0.0006666402249187,0.9630632870876412,2025-01-29 16:00:00,-22,22,18.67,False,-0.0355086113239452,-0.0151749951772474,-0.034293353018044,-0.0446646383573109,-0.0639991182089163
META,2025-03-04,S - Sale,0.0007288673953763,0.958249730553166,2025-01-29 16:00:00,-23,23,18.67,False,-0.0377029486040301,-0.0093249618758559,-0.0396345151696318,-0.0465719728742164,-0.0546876546859547
META,2025-03-05,S - Sale,0.0008563054609895,0.9478933216061748,2025-01-29 16:00:00,-24,24,18.67,False,-0.0671248745770412,-0.008622417301444,-0.0269172216711537,-0.0275687294838703,-0.0293343079870858
META,2025-03-06,S - Sale,0.0008447757084266,0.9456641085643888,2025-01-29 16:00:00,-25,25,18.67,False,-0.0453895043985888,-0.0307809111218789,-0.0242122460051415,-0.0385895510321495,-0.0462343478255235
META,2025-03-12,S - Sale,0.0009337891436503,0.919516747599058,2025-01-29 16:00:00,-29,29,18.67,False,-0.0326543029918702,-0.0188806392801167,-0.0223598242732531,-0.0385975886268376,-0.0436029934860221
META,2025-03-13,S - Sale,0.0009990434808816,0.9185204087046916,2025-01-29 16:00:00,-30,30,18.67,False,-0.0136365713330757,-0.0250134128472733,-0.0558334366580421,-0.0497792762482835,-0.0677475964561266
META,2025-03-19,S - Sale,0.0015394284791348,0.9082944850368316,2025-04-30 16:00:00,29,29,23.53,True,-0.0851817446454353,-0.0066108555378441,0.0202992583804219,-0.0111743315872709,-0.0268565921084269
META,2025-03-20,S - Sale,0.00132249383819,0.9124994582407108,2025-04-30 16:00:00,28,28,23.53,True,-0.0941809154033269,0.0164422295617522,0.0388210613368539,0.0018629499517554,0.0234585358759252
META,2025-03-27,S - Sale,0.0011610369023895,0.9184726585107448,2025-04-30 16:00:00,23,23,23.53,True,-0.0311832518731808,-0.0292624613265065,-0.0222572208269246,-0.0691462639869829,-0.1189553574490188
META,2025-03-26,S - Sale,0.0011064487691066,0.9162258923710438,2025-04-30 16:00:00,24,24,23.53,True,-0.0442530211893961,-0.0168798438077573,-0.0366252775150487,-0.0759531847830865,-0.115366385846665
META,2025-04-02,S - Sale,0.0011646815119188,0.917830681867168,2025-04-30 16:00:00,19,19,23.53,True,-0.0575850276083839,-0.048618388554622,-0.0262216970793602,-0.0381953069458061,-0.103487502786659
META,2025-04-03,S - Sale,0.0011864159627449,0.920153745075512,2025-04-30 16:00:00,18,18,23.53,True,-0.0407025006366356,-0.0340919639618983,-0.0060126292376708,-0.0256085308925079,-0.0752134365577463
META,2025-04-09,S - Sale,0.0012702121660878,0.9465895390858629,2025-04-30 16:00:00,14,14,23.53,True,-0.0060816476784019,0.0032563954870553,-0.0520370904664863,-0.0823709365794557,-0.0556317769785938
META,2025-04-10,S - Sale,0.0012828897046513,0.9507886730197196,2025-04-30 16:00:00,13,13,23.53,True,0.0197734530663565,-0.0535494052018675,-0.102711707484196,-0.1133938375814773,-0.0973209627883153
META,2025-04-16,S - Sale,0.000980565644001,0.97602692720145,2025-04-30 16:00:00,9,9,23.53,True,-0.1037476526127029,-0.0092713076172674,-0.0188892850496125,0.0107063495083363,0.0591678371436063
META,2025-04-17,S - Sale,0.0009530886285524,0.969225285415316,2025-04-30 16:00:00,8,8,23.53,True,-0.1022021719079231,-0.0013744334921282,-0.0060932789957676,0.0191936138866869,0.0805334185985598
META,2025-04-23,S - Sale,0.0010514750438223,0.9776193065269988,2025-04-30 16:00:00,5,5,23.53,True,-0.0855586855934132,0.0113656397168819,0.0288527533090705,0.0749462138521502,0.1098047509615726
META,2025-04-24,S - Sale,0.0009995197657318,0.9683197926606966,2025-04-30 16:00:00,4,4,23.53,True,-0.0379403645707007,0.0104633088234614,0.0171557317660295,0.0615387590226355,0.094403442997466
META,2025-04-30,S - Sale,0.0007702245033678,0.985415549408842,2025-04-30 16:00:00,0,0,23.53,False,-0.0811592115163774,0.016836067513038,0.0548843500932397,0.0360392355803775,0.0412441917844585
META,2025-05-01,S - Sale,0.0008723945752023,0.9930580864110192,2025-04-30 16:00:00,-1,1,23.53,False,-0.0669973266129139,0.0538699395056143,0.0519127149283553,0.0448493655135634,0.0594565606957455
META,2025-05-06,S - Sale,0.0008028766482865,1.02856833121104,2025-04-30 16:00:00,-4,4,23.53,False,0.0707494972454663,0.0007021837604854,-0.0191842678830969,-0.0140777754340544,-0.0133943269701548
META,2025-05-07,S - Sale,0.0009844935318666,1.029679235928262,2025-04-30 16:00:00,-5,5,23.53,False,0.0625346483953395,0.002365857096969,0.0255834655867542,-0.0037733993371185,-0.0060049207187764
META,2025-05-08,S - Sale,0.0009744251966026,1.0267299167141697,2025-04-30 16:00:00,-6,6,23.53,False,0.0766193768562849,-0.0202097789143833,0.0218317728893959,-0.01583204429171,-0.0117637496151563
META,2025-05-14,S - Sale,0.0006146165852939,1.0776494912767678,2025-04-30 16:00:00,-10,10,23.53,False,0.0883638751860573,-0.0254397421054168,-0.0378407646475818,-0.0342793437878051,-0.0261664429374823
META,2025-05-15,S - Sale,0.0004769642188014,1.0772900608123377,2025-07-30 16:00:00,10,10,21.82,True,0.0924398470017778,-0.03355644052786,-0.0357353765745211,-0.0300343902967792,-0.0213636113529892
META,2025-05-19,S - Sale+OE,0.0006064640730133,1.078167612366104,2025-07-30 16:00:00,8,8,21.82,True,0.0395073987014375,-0.0024348125556683,0.0028963275801366,0.0043636674817054,0.0110313607110847
META,2025-05-21,S - Sale,0.0006341558380013,1.0834414861602948,2025-07-30 16:00:00,6,6,21.82,True,0.0436477819725625,0.0101411033217379,0.0053601674132456,0.0132777819121768,0.0132777819121768
META,2025-05-22,S - Sale,0.0004530686189752,1.0811159900762075,2025-07-30 16:00:00,5,5,21.82,True,0.033250845369965,-0.0064341092172431,-0.0092052643411036,0.002254881793052,0.002254881793052
META,2025-05-29,S - Sale,0.0007673954187898,1.0768887872759287,2025-07-30 16:00:00,1,1,21.82,True,-0.0023687965018998,0.0037949149784784,0.0037949149784784,0.0037949149784784,0.0037949149784784
MSFT,2024-11-12,S - Sale,-0.0002396492689959,0.8406920505677986,2024-10-30 16:00:00,-9,9,6.25,False,-0.049606725383932,0.0205840742374643,0.0213759168681604,0.014971547574971,0.0319909258195995
MSFT,2024-11-25,S - Sale,-0.0002804850744897,0.8340546545203988,2024-10-30 16:00:00,-18,18,6.25,False,-0.0101843443008452,0.0193460272482965,0.007386376304647,0.0323088550498698,0.034846648133396
MSFT,2024-12-02,S - Sale,-0.000600589139285,0.8763098789957535,2024-10-30 16:00:00,-22,22,6.25,False,0.0269456308549659,0.007523372729904,0.0208016124763823,0.0346604978181702,0.0237899094012266
MSFT,2024-12-05,S - Sale,-0.0005643880756309,0.8770011503764417,2024-10-30 16:00:00,-25,25,6.25,False,0.0059509993421109,0.0096111473181718,0.0178645545478507,0.0177417955930245,-0.0007723420547479
MSFT,2024-12-10,S - Sale,-0.000685102350678,0.8716382313401967,2024-10-30 16:00:00,-28,28,6.25,False,0.043061158965052,-0.0051019083545969,-0.0028569884337798,-0.007840343699888,-0.0279017715753054
MSFT,2025-05-06,S - Sale,-0.0005430208047854,0.7426256587478656,2025-04-30 16:00:00,-4,4,7.4,False,0.0897403938006917,-0.0009815640343487,0.004519205660155,-0.0079024786066302,0.0043901928385452
MSFT,2025-05-16,S - Sale,-0.0005559256758343,0.7657266859124597,2025-07-30 16:00:00,9,9,8.09,True,0.084661758704093,-0.000885705669813,0.0106883926774603,0.012044746813562,0.0214501446001642
MSFT,2025-05-20,S - Sale,-0.000696657656674,0.764968372364689,2025-07-30 16:00:00,7,7,8.09,True,0.0930712653917449,0.001333850906195,0.0029662486149372,0.0129499094154109,0.0129499094154109
MSFT,2025-05-22,S - Sale,-0.0007066849206139,0.7656435687020109,2025-07-30 16:00:00,5,5,8.09,True,0.0246954608505189,0.0016572785078085,0.0068338788953328,0.0116673941217073,0.0116673941217073
MU,2024-12-26,S - Sale,-0.0001354896314398,1.7722726319099158,2024-12-18 16:00:00,-5,5,1.36,False,-0.1304079228491675,0.0204330381595291,0.0081612575542503,0.0466026764682685,0.2032581825960392
MU,2025-01-10,S - Sale,-0.0005461281225893,1.7683360424796777,2024-12-18 16:00:00,-14,14,1.36,False,0.1202932756761282,0.0286425733750823,0.0387603115331156,0.0538177963049753,-0.0715033357121336
MU,2025-02-19,S - Sale,-0.0019414304780219,1.7640081590097758,2025-03-20 16:00:00,21,21,9.49,True,0.1775489198351966,-0.0232406044701715,-0.0359668091528024,-0.0039775535032084,0.0996495838196572
MU,2025-03-05,S - Sale,-0.0028049853760482,1.7907703173998,2025-03-20 16:00:00,11,11,9.49,True,0.1677253682347226,0.0067594705343136,0.0495051634213198,0.1815546990227606,0.0854209216031912
MU,2025-03-18,S - Sale,-0.0022023453481752,1.7896130690692045,2025-03-20 16:00:00,2,2,9.49,True,0.2588393408683521,-0.0003491815564802,-0.070507132462426,-0.0811965936576713,-0.1179751711021073
MU,2025-03-27,S - Sale,-0.0018920023945854,1.8109501343041128,2025-03-20 16:00:00,-5,5,9.49,False,0.0836055776530699,0.0219575929644523,0.017153102385613,-0.0710225616309415,-0.0605113171360977
MU,2025-05-06,S - Sale,-0.0022528224169955,1.8194698473485285,2025-06-25 16:00:00,17,17,19.75,True,0.0483096089427481,0.0426059370063848,0.066505813839092,0.0867492713998592,0.0952492176033603
NOW,2024-11-06,S - Sale,0.0005604456618592,1.0020585023590407,2024-10-23 16:00:00,-10,10,7.78,False,0.0446753269032914,-0.0007420573364723,0.0172284767128655,0.0237730127353437,0.0506601290569153
NOW,2024-11-12,S - Sale,0.0006300923819856,1.0038413657290677,2024-10-23 16:00:00,-14,14,7.78,False,,,,,
NOW,2024-11-12,S - Sale+OE,0.0006300923819856,1.0038413657290677,2024-10-23 16:00:00,-14,14,7.78,False,,,,,
NOW,2024-11-14,S - Sale+OE,0.0004749425322239,1.009066404235706,2024-10-23 16:00:00,-16,16,7.78,False,0.0389275923037224,-0.0047365207365099,-0.011537061765961,0.0235079447332986,0.0415953123493948
NOW,2024-11-18,S - Sale,0.0005519488119354,0.9981455544099368,2024-10-23 16:00:00,-18,18,7.78,False,0.0545841691204656,-0.0067755483025576,0.0280477635918179,0.0056295944857008,0.0396652626150212
NOW,2024-11-19,S - Sale+OE,0.000517728653584,0.9977460505866876,2024-10-23 16:00:00,-19,19,7.78,False,0.0423903914138674,0.0072288144430811,0.0406910646754407,0.0173249584058506,0.0548668689589292
NOW,2024-11-21,S - Sale,0.0004744652642047,0.9885803171945372,2024-10-23 16:00:00,-21,21,7.78,False,0.0397536761687628,0.0335668992942953,0.0328089804603788,0.0104774194624813,0.0563120751716147
NOW,2024-11-27,S - Sale,0.0004114043186985,0.9948805356727976,2024-10-23 16:00:00,-25,25,7.78,False,0.05882285730409,-0.0212983870230998,-0.0332113331443078,0.013715347054855,-0.0098639407501106
NOW,2024-12-03,S - Sale,0.0004134590015168,0.9811431367578562,2024-10-23 16:00:00,-28,28,7.78,False,-0.0104538560757551,0.053200182946673,0.0472391728210933,0.0392495418328375,0.0157487128794266
NOW,2025-01-17,S - Sale+OE,0.0010198903468537,0.9905451635047428,2025-01-29 16:00:00,7,7,0.2,True,-0.0152848800420201,-0.0024263837810149,0.0259808299685153,0.0698372370028155,-0.0621310482103939
NOW,2025-02-05,S - Sale,0.0010086152035146,0.9484755730207176,2025-01-29 16:00:00,-5,5,0.2,False,-0.0551112257502866,0.0044331495175531,0.0047552189244266,-0.0488883679651679,-0.0733090232580509
NOW,2025-02-11,S - Sale+OE,0.000831168094994,0.9529773988273134,2025-01-29 16:00:00,-9,9,0.2,False,,,,,
NOW,2025-02-11,S - Sale,0.000831168094994,0.9529773988273134,2025-01-29 16:00:00,-9,9,0.2,False,,,,,
NOW,2025-02-12,S - Sale+OE,0.0007588717569701,0.9554621185945448,2025-01-29 16:00:00,-10,10,0.2,False,,,,,
NOW,2025-02-12,S - Sale,0.0007588717569701,0.9554621185945448,2025-01-29 16:00:00,-10,10,0.2,False,,,,,
NOW,2025-02-14,S - Sale,0.0009607043238709,0.956794593069186,2025-01-29 16:00:00,-12,12,0.2,False,,,,,
NOW,2025-02-14,S - Sale+OE,0.0009607043238709,0.956794593069186,2025-01-29 16:00:00,-12,12,0.2,False,,,,,
NOW,2025-02-19,S - Sale+OE,0.0010144205157304,0.9497889654318354,2025-01-29 16:00:00,-14,14,0.2,False,-0.1618908039271663,-0.0280687212936637,-0.039796921327468,-0.0196583804448997,-0.0886131321881503
NOW,2025-02-21,S - Sale,0.0010949722774112,0.9635238605620668,2025-01-29 16:00:00,-16,16,0.2,False,-0.0805625447968001,-0.0104852188435769,0.012554466787036,0.0121018180113158,-0.0492441545235019
NOW,2025-02-25,S - Sale,0.000992480401132,0.9562095806209808,2025-01-29 16:00:00,-18,18,0.2,False,-0.0790590458511547,0.0241003504515606,0.0203703621858859,-0.0387876235356962,-0.0284740894437886
NOW,2025-02-27,S - Sale,0.0013700066867634,0.912052348132093,2025-01-29 16:00:00,-20,20,0.2,False,-0.0658758797546355,-0.0049927229337808,-0.0060007011474778,-0.0675537344067859,-0.0587161275479732
NOW,2025-03-03,S - Sale,0.0006886696683402,0.9237883488501732,2025-01-29 16:00:00,-22,22,0.2,False,-0.060957159362208,0.000705818363794,-0.0587515686022962,-0.0576113235874345,-0.0666051358070717
NOW,2025-04-17,S - Sale+OE,0.0012719081039337,0.9293890378305862,2025-04-23 16:00:00,3,3,5.36,True,0.0296047397537573,-0.0308449485528262,-0.0414302161931306,0.1161179264721839,0.1268968145341557
NOW,2025-04-29,S - Sale,0.0007376957831792,0.9338139815457416,2025-04-23 16:00:00,-4,4,5.36,False,0.138138639779237,0.0129074473691297,0.0065432825771012,0.0083498896726968,-0.0151971097798855
NOW,2025-05-09,S - Sale+OE,0.0008369624775665,1.00534945743822,2025-04-23 16:00:00,-12,12,5.36,False,0.1362225499550436,0.0048351395166185,-0.0173176602184747,-0.0243426974201883,-0.0385311786036066
NOW,2025-05-14,S - Sale+OE,0.0007664003342308,1.005014718004227,2025-07-23 16:00:00,11,11,14.63,True,0.1135468025179729,-0.0083581844498899,-0.0243559487459112,-0.0232219771447976,-0.0396406679996497
NOW,2025-05-19,S - Sale,0.0005498424646108,1.0046541031190437,2025-07-23 16:00:00,8,8,14.63,True,-0.0050004424587474,-0.0152085691920328,-0.012659354731261,-0.0268302677813379,-0.0282045215280386
NOW,2025-05-20,S - Sale+OE,0.0005819882087201,1.003282860717233,2025-07-23 16:00:00,7,7,14.63,True,-0.0197250425271447,0.0060485267782009,0.0018282505442549,-0.0138177691080768,-0.0138177691080768
NOW,2025-05-27,S - Sale,0.0017358717552415,1.069884306160908,2025-07-23 16:00:00,3,3,14.63,True,-0.0444342668387991,-0.0073831737671473,-0.0216084098944322,-0.0216084098944322,-0.0216084098944322
NOW,2025-05-29,S - Sale,0.0016245338176447,1.0814434089218945,2025-07-23 16:00:00,1,1,14.63,True,-0.0429860637359375,-0.0140104713318663,-0.0140104713318663,-0.0140104713318663,-0.0140104713318663
NVDA,2024-11-27,S - Sale,0.0025985689656321,2.341245859645773,2024-11-20 16:00:00,-5,5,8.52,False,-0.118469903053636,-0.0002403343317437,-0.0231892920373127,-0.0602352421741429,-0.194921207396795
NVDA,2024-12-13,S - Sale,0.0022223264980324,2.301130751652276,2024-11-20 16:00:00,-16,16,8.52,False,-0.1659203409039771,-0.0274823068190015,-0.0136286325145111,0.0171149345255406,0.0512821198296749
NVDA,2024-12-18,S - Sale,0.0020964465298897,2.3011941686393342,2024-11-20 16:00:00,-19,19,8.52,False,-0.1859888560958778,0.0825292017269297,0.0996514629472395,0.0788934171590483,0.119242288868816
NVDA,2025-01-08,S - Sale,0.0010290433777292,2.2125169274199465,2024-11-20 16:00:00,-32,32,8.52,False,0.064035569566844,-1.7266607575576432e-05,-0.0072452885555529,-0.0399529516177208,-0.1032032532570599
NVDA,2025-03-12,S - Sale,0.00035517650795,2.2224279646974705,2025-02-26 16:00:00,-10,10,5.25,False,0.0679391236321833,0.0786172116423387,0.0482405330767688,0.0347001379142469,0.0088315137440222
NVDA,2025-03-17,S - Sale,0.0001266128096093,2.2239884455194123,2025-02-26 16:00:00,-13,13,5.25,False,0.1242418168918931,-0.0209468258430756,-0.0371753879930106,-0.093580658529949,0.0318567945647118
NVDA,2025-03-21,S - Sale,0.0003192560486518,2.24099874858316,2025-02-26 16:00:00,-17,17,5.25,False,0.0911319974976322,-0.019028525585039,-0.0673238914750615,-0.040813007669003,0.0685455769410329
NVDA,2025-03-25,S - Sale,0.0003412881373798,2.238803126916931,2025-02-26 16:00:00,-19,19,5.25,False,0.0556198459697711,-0.0285991738827387,0.0068124377292361,0.0885178419345107,0.0750435548594671
ORCL,2025-01-24,S - Sale+OE,0.001258127990962,0.9880286349687046,2024-12-09 16:00:00,-30,30,-0.77,False,0.0858476833572616,-0.0117530707818683,-0.1139859252954197,-0.0645326625778848,-0.0708971494695222
ORCL,2025-02-14,P - Purchase,0.0005334369498452,0.9325669769207412,2025-03-10 16:00:00,15,15,-1.35,True,-0.0489592449799393,-0.0026011123253526,0.0369099847029439,0.0073457372988869,-0.0514636072218752
ORCL,2025-03-21,P - Purchase,0.0010979591827528,1.1124476723768448,2025-03-10 16:00:00,-9,9,-1.35,False,-0.0240059066631653,-0.0101178136070442,-0.0496609880608181,-0.070344831657979,-0.063054284350029
ORCL,2025-04-04,S - Sale,0.0008632716559291,1.1693572225379485,2025-03-10 16:00:00,-19,19,-1.35,False,-0.0125425557827083,0.00187145308541,-0.0265417140415687,-0.0424557517537224,-0.0487811976291941
ORCL,2025-04-15,S - Sale+OE,0.0010734598916592,1.1737224582840096,2025-03-10 16:00:00,-26,26,-1.35,False,-0.0494083900140603,-0.0019732688530542,-0.0103416295773272,-0.0166678731283923,0.0222481362991599
ORCL,2025-05-06,S - Sale+OE,0.0005130010438907,1.1191780838552896,2025-06-11 16:00:00,17,17,3.37,True,,,,,
ORCL,2025-05-06,S - Sale,0.0005130010438907,1.1191780838552896,2025-06-11 16:00:00,17,17,3.37,True,,,,,
PLTR,2024-11-05,S - Sale,0.0031281864199593,1.5033481463066278,2024-11-04 16:00:00,-1,1,42.21,False,-0.0551547662369827,0.2487147305357485,0.2696795431912889,0.4273921690808079,0.3656544980312766
PLTR,2024-11-07,S - Sale+OE,0.0035680777072987,1.5187524334428693,2024-11-04 16:00:00,-3,3,42.21,False,,,,,
PLTR,2024-11-07,S - Sale,0.0035680777072987,1.5187524334428693,2024-11-04 16:00:00,-3,3,42.21,False,,,,,
PLTR,2024-11-12,S - Sale,0.0036205841986719,1.5122553883929295,2024-11-04 16:00:00,-6,6,42.21,False,0.2598001712058926,0.0058220181709338,0.1284092427574137,0.0665716271970416,0.048307050521869
PLTR,2024-11-15,S - Sale+OE,0.0036117824402799,1.502313007853927,2024-11-04 16:00:00,-9,9,42.21,False,0.2087619560901085,0.1413574053606107,0.0534347390274962,0.0767387974165066,0.1100912102920021
PLTR,2024-11-20,S - Sale+OE,0.0037016329438758,1.4992383100847446,2024-11-04 16:00:00,-12,12,42.21,False,0.3207591578889793,-0.032104920272104,0.007376306023842,0.0205382548489146,0.0197097729201802
PLTR,2024-11-22,S - Sale+OE,0.003894054227885,1.4870970552146443,2024-11-04 16:00:00,-14,14,42.21,False,,,,,
PLTR,2024-11-22,S - Sale,0.003894054227885,1.4870970552146443,2024-11-04 16:00:00,-14,14,42.21,False,,,,,
PLTR,2024-11-27,S - Sale,0.0038810388797625,1.4827988297500347,2024-11-04 16:00:00,-17,17,42.21,False,0.1109222054034393,0.0096366087432686,-0.0194188648721672,0.0747475232226273,0.0055902880120364
PLTR,2024-12-03,S - Sale+OE,0.003852918761508,1.5080061137206693,2024-11-04 16:00:00,-20,20,42.21,False,0.0540500899331746,0.0198278989734509,0.0936903829161357,0.0681339086145002,0.1201111157724632
PLTR,2024-12-04,S - Sale,0.0038236604804346,1.5136519685955578,2024-11-04 16:00:00,-21,21,42.21,False,0.099043416653943,-0.0114489586218675,-0.0106009594670637,0.0092368210570704,0.0581613488299831
PLTR,2024-12-06,S - Sale,0.0048290054651811,1.6550456582669617,2024-11-04 16:00:00,-23,23,42.21,False,-0.0552553101070183,0.0439659012961377,-0.0349833086861453,-0.0165598890306204,0.0471702457737743
PLTR,2024-12-10,S - Sale,0.0052611444388262,1.6473373790407568,2024-11-04 16:00:00,-25,25,42.21,False,0.0152773352078406,-0.0342995304934701,0.0127828009968084,0.0770373980415204,0.0159288996311039
PLTR,2024-12-13,S - Sale+OE,0.0054092150008903,1.6324023498273867,2024-11-04 16:00:00,-28,28,42.21,False,-0.0107869528898495,0.0318398006279336,-0.002112356347617,0.075390072256145,0.0137486407819938
PLTR,2024-12-16,S - Sale+OE,0.0053498330434904,1.6312023499566073,2024-11-04 16:00:00,-29,29,42.21,False,0.0270233401695391,-0.0478514871241254,0.0635345011439623,0.0301325531330027,0.0109015078107927
PLTR,2025-01-06,S - Sale+OE,0.0043715660277996,1.4203952087340548,2025-02-03 16:00:00,18,18,23.72,True,,,,,
PLTR,2025-01-06,S - Sale,0.0043715660277996,1.4203952087340548,2025-02-03 16:00:00,18,18,23.72,True,,,,,
PLTR,2025-01-10,S - Sale,0.0047981544477296,1.4445796257555648,2025-02-03 16:00:00,15,15,23.72,True,-0.2048180620392289,0.004512888652633,-0.0221938090034077,0.0118911184700719,0.0972250141635593
PLTR,2025-02-05,S - Sale,0.0051830382848275,1.4849731335126042,2025-02-03 16:00:00,-2,2,23.72,False,0.3721753457622524,0.053304166113379,0.0970312388162121,0.0755944582411236,-0.1695663669597409
PLTR,2025-02-06,S - Sale,0.0048095017637713,1.4505101490950256,2025-02-03 16:00:00,-3,3,23.72,False,0.3217053623629608,0.0967293407798463,0.0958852774112029,0.1106657557123022,-0.1258054064788018
PLTR,2025-02-13,S - Sale,0.0044087789221679,1.502774476808464,2025-02-03 16:00:00,-8,8,23.72,False,0.399441444281152,-0.0225127445768972,0.0178118902624916,-0.155256643415003,-0.2225426320235775
PLTR,2025-02-24,S - Sale+OE,0.005180246247727,1.506592563403101,2025-02-03 16:00:00,-14,14,23.72,False,,,,,
PLTR,2025-02-24,S - Sale,0.005180246247727,1.506592563403101,2025-02-03 16:00:00,-14,14,23.72,False,,,,,
PLTR,2025-03-05,S - Sale,0.005783531576968,1.5185625760613457,2025-02-03 16:00:00,-21,21,23.72,False,-0.280792309391383,-0.0336143560193824,-0.0402569032965167,0.0396323512298828,0.0711901912330278
PLTR,2025-03-07,S - Sale,0.0066905611380019,1.6009776541917384,2025-02-03 16:00:00,-23,23,23.72,False,-0.2923023835081124,0.0373674523999922,0.0579484850937668,0.0703948360286655,0.0522513200360564
PLTR,2025-03-14,S - Sale+OE,0.0073219921299913,1.6188901395269764,2025-02-03 16:00:00,-28,28,23.72,False,-0.125209320598388,0.0336192944043773,0.0111523227757458,0.0687875925202816,0.0168826191749973
PLTR,2025-03-19,S - Sale+OE,0.0074548577028705,1.5966643714916384,2025-02-03 16:00:00,-31,31,23.72,False,-0.0095109414158013,0.0092377364537936,0.0541730712590168,-0.0158735863927252,0.0327721581644641
PLTR,2025-04-02,S - Sale+OE,0.0067514762033746,1.62800092134566,2025-05-05 16:00:00,22,22,1.11,True,-0.0554892239109569,0.0582407321761805,0.0748666536166258,0.0671538560080269,0.1319532180275538
PLTR,2025-04-03,S - Sale,0.0070167884572101,1.6541487975180096,2025-05-05 16:00:00,21,21,1.11,True,-0.0247702750892615,0.0221778807598868,0.0871234674295044,0.0544650382433945,0.1425974670214495
PLTR,2025-04-07,S - Sale,0.0068301355988035,1.7237480876999842,2025-05-05 16:00:00,19,19,1.11,True,-0.0248195516250582,0.066745667598441,0.0277477940319036,0.107393415531829,0.1498847852746384
PLTR,2025-05-05,S - Sale,0.0077400808436797,1.8050819376164997,2025-05-05 16:00:00,0,0,1.11,False,0.0841150644689867,-0.1110089101628584,-0.0807589350044075,-0.1373563587314372,-0.1852619043038217
PLTR,2025-05-12,P - Purchase,0.0078942331450333,1.7082346473931491,2025-05-05 16:00:00,-5,5,1.11,False,-0.0448417910620309,-0.0263356971853805,-0.0567153483110768,-0.1191160755052126,-0.0984246904266995
PLTR,2025-05-22,S - Sale+OE,0.0081997622934941,1.7088016361819622,2025-08-04 16:00:00,5,5,15.57,True,,,,,
PLTR,2025-05-22,S - Sale,0.0081997622934941,1.7088016361819622,2025-08-04 16:00:00,5,5,15.57,True,,,,,
PYPL,2025-02-28,S - Sale,0.0011219046442639,0.5922689819976134,2025-02-04 07:00:00,-17,17,5.96,False,-0.0716998054748771,-0.0062703347576148,-0.0214900447533856,-0.007986803606427,-0.0020094758553996
TSLA,2024-11-04,S - Sale+OE,-0.0011219660588845,1.6402125307738058,2024-10-23 16:00:00,-8,8,20.49,False,0.1882420283195206,-0.0049966578886257,0.1821987229134422,0.177701660070165,0.3207021766346087
TSLA,2024-11-05,S - Sale+OE,-0.0012634615381821,1.6459580107902332,2024-10-23 16:00:00,-9,9,20.49,False,0.1525344814874554,0.1133987618335448,0.2005701046225876,0.265441581965269,0.2977767954110171
TSLA,2024-11-13,S - Sale+OE,-0.0017193904029924,1.6041945604489296,2024-10-23 16:00:00,-15,15,20.49,False,0.4091367885734336,-0.0344665844319094,0.0821176834928988,0.1119337088218218,0.0813211070191817
TSLA,2024-11-19,S - Sale+OE,-0.0018521153165302,1.6114003416982745,2024-10-23 16:00:00,-19,19,20.49,False,0.3077253041859787,-0.0013050409633036,0.030265746151483,-0.0001513611586151,0.0921206122049
TSLA,2024-12-04,S - Sale+OE,-0.0001339400914821,1.686708541997483,2024-10-23 16:00:00,-29,29,20.49,False,0.0483409742454876,0.0320587290975968,0.0839853561957447,0.1837522460981223,0.2418951858762086
TSLA,2024-12-06,S - Sale+OE,0.0004237868967013,1.797640298073807,2024-10-23 16:00:00,-31,31,20.49,False,0.0454746656980708,0.038418973065536,0.1105494565971344,0.1857444220632552,0.1835231668883103
TSLA,2024-12-09,S - Sale+OE,0.0004952235393392,1.799625929869615,2024-10-23 16:00:00,-32,32,20.49,False,0.037840721519256,0.0448693837642016,0.1082702980964036,0.1616992660303712,0.1209996768856507
TSLA,2025-01-08,S - Sale+OE,0.0021134767912973,1.8608521597623644,2025-01-29 16:00:00,13,13,-4.83,True,-0.134007812135777,0.000388363662805,0.0548138160741163,0.0535728796247321,-0.0386655347190227
TSLA,2025-02-05,S - Sale+OE,0.0031845852398431,1.991912208679897,2025-01-29 16:00:00,-5,5,-4.83,False,-0.1419964489825224,-0.0663104087623236,-0.129164520538643,-0.1550222680265353,-0.2288888346114003
TSLA,2025-02-10,S - Sale,0.0032429105562625,1.987910491204445,2025-01-29 16:00:00,-8,8,-4.83,False,-0.197454671818431,-0.1123171595280532,-0.0788196237771569,-0.0858990527470372,-0.1761618003558057
TSLA,2025-03-05,S - Sale+OE,0.0032390062808443,1.9587287915096905,2025-01-29 16:00:00,-24,24,-4.83,False,-0.1061198011809408,-0.0142184336444074,-0.1133272345787451,-0.0365906638672306,0.0377135890659961
TSLA,2025-03-06,S - Sale+OE,0.0031576435317873,1.9593351980461555,2025-01-29 16:00:00,-25,25,-4.83,False,-0.135994323530503,-0.0280571846068011,-0.068694173070315,-0.0300461205860534,0.0258265181573063
TSLA,2025-03-12,S - Sale+OE,0.0029137849028985,1.980472910027856,2025-04-22 16:00:00,28,28,-34.89,True,-0.1911167234607294,0.0548879920986088,-0.017900067366304,0.0205151876110813,0.1225399238702247
TSLA,2025-04-09,S - Sale+OE,0.001405937070397,2.1660895802441287,2025-04-22 16:00:00,8,8,-34.89,True,0.2569961102088661,-0.0188130751320533,-0.0802485563502216,-0.0574046271624008,-0.0212871182187312
TSLA,2025-04-28,P - Purchase,0.0025069834833001,2.271028453967452,2025-04-22 16:00:00,-4,4,-34.89,False,-0.0640371449059205,0.0095099795719468,-0.0804777050294503,-0.0919425430700784,-0.0548471372526911
TSLA,2025-05-01,S - Sale+OE,0.002963611965834,2.26907026493284,2025-04-22 16:00:00,-7,7,-34.89,False,-0.0627419628420582,-0.0564852485174533,-0.0676252642277999,-0.0256563010251103,-0.0483364841292206
TSLA,2025-05-05,S - Sale+OE,0.0035358446991681,2.154445777931695,2025-04-22 16:00:00,-9,9,-34.89,False,-0.051537231408769,-0.0141285661492951,0.0276706080627128,0.017004438547775,0.0289590075473017
TSLA,2025-05-08,S - Sale+OE,0.0033837823063024,2.1246838264109003,2025-04-22 16:00:00,-12,12,-34.89,False,-0.0834551016167223,0.0487064741640295,0.0320422625592174,0.047103559817553,0.0574780070806311
TSLA,2025-05-13,S - Sale+OE,0.002926491620334,2.0284245179764886,2025-07-23 16:00:00,12,12,10.49,True,-0.021680488201945,0.0368624290150191,0.0310870165410803,0.0367462914746388,0.007804563430039
TSLA,2025-05-20,S - Sale+OE,0.0020217162365398,2.005730673391361,2025-07-23 16:00:00,7,7,10.49,True,-0.0573517791594361,0.0101466166544876,0.0346412457653144,0.009777548364864,0.009777548364864
TSLA,2025-05-29,S - Sale+OE,0.0022422455584705,1.989264722335084,2025-07-23 16:00:00,1,1,10.49,True,0.0761154937613229,-0.0349546834678316,-0.0349546834678316,-0.0349546834678316,-0.0349546834678316
TXN,2024-11-08,S - Sale+OE,0.0001678980673488,0.9524397261111196,2024-10-22 16:00:00,-13,13,7.08,False,,,,,
TXN,2024-11-08,S - Sale,0.0001678980673488,0.9524397261111196,2024-10-22 16:00:00,-13,13,7.08,False,,,,,
TXN,2024-11-13,S - Sale+OE,1.2127113509465296e-05,0.9683304368087832,2024-10-22 16:00:00,-16,16,7.08,False,0.0100175791889763,-0.0231009094499122,-0.0008067509100257,-0.0565375195821758,-0.0839512841618648
TXN,2024-11-26,S - Sale+OE,0.0002762535602165,0.9366081446691394,2024-10-22 16:00:00,-25,25,7.08,False,-0.0287119018169612,-0.0193801082495272,-0.0181676031013637,-0.0902698929244273,-0.1256734774132334
TXN,2025-02-05,S - Sale,-5.262198246767209e-05,0.9450741210775466,2025-01-23 16:00:00,-9,9,5.51,False,-0.0833950756132159,0.0084913052299549,-0.0039914778864527,-0.0036801929677738,0.1355671130591476
TXN,2025-02-19,S - Sale,-7.359584754333508e-05,0.9305333320413074,2025-01-23 16:00:00,-18,18,5.51,False,0.0235759407499511,0.0956033882333585,0.1116360374636379,0.1098305341873852,0.0832777389131003
TXN,2025-02-20,S - Sale+OE,-2.1203651494816232e-05,0.932276586398209,2025-01-23 16:00:00,-19,19,5.51,False,0.049651778937106,0.0541846941631908,0.0681178041950411,0.0573130014029365,0.0099456295204833
TXN,2025-02-25,S - Sale+OE,-0.0003135816134454,0.955673000079212,2025-01-23 16:00:00,-22,22,5.51,False,0.1301197917913526,-0.0014045761220148,-0.0002814956001495,0.0063578669418592,-0.0274895097592705
TXN,2025-02-27,S - Sale+OE,-0.0003188678082204,0.8730510669688493,2025-01-23 16:00:00,-24,24,5.51,False,0.1168547557627986,0.0001837365810094,0.0210929764122686,0.0040140985864553,-0.0184367279253324
TXN,2025-03-03,S - Sale+OE,-9.227484486715436e-05,0.8658473622317617,2025-01-23 16:00:00,-26,26,5.51,False,0.1260001390767861,0.0202405304762483,0.0024501794023785,-0.0459616143058312,-0.0385636280302938
VZ,2025-01-29,S - Sale,0.000469870521676,-0.1530187706260024,2025-01-24 06:00:00,-3,3,11.95,False,0.051602417666576,-0.0244193688182471,-0.0146655247130111,-0.0179318196866608,0.0160298338733217
VZ,2025-01-30,S - Sale,0.0004385268219402,-0.1503024842303966,2025-01-24 06:00:00,-4,4,11.95,False,0.0477593655201615,-0.0230494017645968,-0.0129722509936361,-0.0134726651975793,0.0399394891332048
VZ,2025-01-31,S - Sale,0.0004496162626595,-0.1473337208556638,2025-01-24 06:00:00,-5,5,11.95,False,0.0420623392561839,-0.0028828257489605,0.0150434182977571,0.0093995030066757,0.0701941463166687
VZ,2025-02-05,S - Sale,0.0005189284665096,-0.1554810015371745,2025-01-24 06:00:00,-8,8,11.95,False,0.0372536622558679,0.0033555941063623,0.0019808106458393,0.0282399852487735,0.0818873963547019
VZ,2025-02-06,S - Sale,0.0004280412196038,-0.1638831610544243,2025-01-24 06:00:00,-9,9,11.95,False,0.0441255735051208,-0.0084876616295089,0.006945371765783,0.0211977031320509,0.0628310811363987
VZ,2025-02-27,S - Sale,0.0004964443908973,-0.1684120309079901,2025-01-24 06:00:00,-23,23,11.95,False,0.066111270145579,-0.0047737676617947,-0.0157344941002448,0.0551564536658036,0.0031282474958709
VZ,2025-04-24,S - Sale,0.0006895735611454,-0.2410777467128847,2025-04-22 06:00:00,-2,2,1.7,False,-0.0511443230726324,-0.0101718497858489,0.0142013843148867,0.037969966067449,0.0159387749704929
VZ,2025-04-25,S - Sale+OE,0.0007496013148185,-0.2473707731567845,2025-04-22 06:00:00,-3,3,1.7,False,0.0287283723526622,-0.0186472956959948,0.0305163144960338,0.0222487363340209,0.0327873951899101
VZ,2025-05-01,S - Sale,0.001013193936423,-0.2374467275096621,2025-04-22 06:00:00,-7,7,1.7,False,0.0300523654406146,-0.0019358743535964,0.0016552544804927,-0.0104483948116744,-0.0022240631512924
VZ,2025-05-08,S - Sale,0.0004981194287148,-0.13960496476406,2025-04-22 06:00:00,-12,12,1.7,False,0.003718635286684,-0.0058745133152696,-0.0206771317109092,0.0106806075047282,-0.013045305982075
VZ,2025-05-09,S - Sale+OE,0.000671254917426,-0.0675332066257388,2025-04-22 06:00:00,-13,13,1.7,False,-0.0111401480255038,-0.0006683193973415,-0.0273324481596635,0.016582849753589,-0.0103622156537148
