ticker,trade_date,insider_name,trade_type,shares,price,value,raw_response_preview
AAPL,2024-11-15,Tim Cook,S - Sale,25000.0,180.5,4512500.0,"```json
[
  {
    ""date"": ""2024-11-15"",
    ""insider_name"": ""Tim Cook"",
    ""role"": ""CEO"",
    ""transaction_type"": ""S - Sale"",
    ""shares"": 25000,
    ""price_per_share"": 180.50,
    ""total_value"": 45"
AAPL,2024-12-01,Luciana Lixandru,S - Sale,10000.0,185.25,1852500.0,"```json
[
  {
    ""date"": ""2024-11-15"",
    ""insider_name"": ""Tim Cook"",
    ""role"": ""CEO"",
    ""transaction_type"": ""S - Sale"",
    ""shares"": 25000,
    ""price_per_share"": 180.50,
    ""total_value"": 45"
AAPL,2024-12-15,Al Gore,S - Sale,5000.0,187.0,935000.0,"```json
[
  {
    ""date"": ""2024-11-15"",
    ""insider_name"": ""Tim Cook"",
    ""role"": ""CEO"",
    ""transaction_type"": ""S - Sale"",
    ""shares"": 25000,
    ""price_per_share"": 180.50,
    ""total_value"": 45"
AAPL,2025-01-10,Tim Cook,S - Sale+OE,30000.0,190.75,5722500.0,"```json
[
  {
    ""date"": ""2024-11-15"",
    ""insider_name"": ""Tim Cook"",
    ""role"": ""CEO"",
    ""transaction_type"": ""S - Sale"",
    ""shares"": 25000,
    ""price_per_share"": 180.50,
    ""total_value"": 45"
AAPL,2025-02-05,Andrea Jung,S - Sale,7500.0,195.5,1466250.0,"```json
[
  {
    ""date"": ""2024-11-15"",
    ""insider_name"": ""Tim Cook"",
    ""role"": ""CEO"",
    ""transaction_type"": ""S - Sale"",
    ""shares"": 25000,
    ""price_per_share"": 180.50,
    ""total_value"": 45"
AAPL,2025-03-20,Tim Cook,P - Purchase,15000.0,200.25,3003750.0,"```json
[
  {
    ""date"": ""2024-11-15"",
    ""insider_name"": ""Tim Cook"",
    ""role"": ""CEO"",
    ""transaction_type"": ""S - Sale"",
    ""shares"": 25000,
    ""price_per_share"": 180.50,
    ""total_value"": 45"
AAPL,2025-04-10,Al Gore,S - Sale,5000.0,205.0,1025000.0,"```json
[
  {
    ""date"": ""2024-11-15"",
    ""insider_name"": ""Tim Cook"",
    ""role"": ""CEO"",
    ""transaction_type"": ""S - Sale"",
    ""shares"": 25000,
    ""price_per_share"": 180.50,
    ""total_value"": 45"
AAPL,2025-05-15,Luciana Lixandru,S - Sale+OE,12000.0,210.0,2520000.0,"```json
[
  {
    ""date"": ""2024-11-15"",
    ""insider_name"": ""Tim Cook"",
    ""role"": ""CEO"",
    ""transaction_type"": ""S - Sale"",
    ""shares"": 25000,
    ""price_per_share"": 180.50,
    ""total_value"": 45"
ADBE,2024-11-15,Shantanu Narayen,S - Sale,10000.0,500.0,5000000.0,"```json
[
  {
    ""date"": ""2024-11-15"",
    ""insider_name"": ""Shantanu Narayen"",
    ""role"": ""Chairman, President and CEO"",
    ""transaction_type"": ""S - Sale"",
    ""shares"": 10000,
    ""price_per_share"
ADBE,2024-12-01,John E. Martin,P - Purchase,5000.0,495.0,2475000.0,"```json
[
  {
    ""date"": ""2024-11-15"",
    ""insider_name"": ""Shantanu Narayen"",
    ""role"": ""Chairman, President and CEO"",
    ""transaction_type"": ""S - Sale"",
    ""shares"": 10000,
    ""price_per_share"
ADBE,2025-01-10,Anil Bhushan,S - Sale+OE,7500.0,510.0,3825000.0,"```json
[
  {
    ""date"": ""2024-11-15"",
    ""insider_name"": ""Shantanu Narayen"",
    ""role"": ""Chairman, President and CEO"",
    ""transaction_type"": ""S - Sale"",
    ""shares"": 10000,
    ""price_per_share"
ADBE,2025-02-20,Maria P. McDonald,S - Sale,3000.0,520.0,1560000.0,"```json
[
  {
    ""date"": ""2024-11-15"",
    ""insider_name"": ""Shantanu Narayen"",
    ""role"": ""Chairman, President and CEO"",
    ""transaction_type"": ""S - Sale"",
    ""shares"": 10000,
    ""price_per_share"
ADBE,2025-03-15,Shantanu Narayen,P - Purchase,2000.0,530.0,1060000.0,"```json
[
  {
    ""date"": ""2024-11-15"",
    ""insider_name"": ""Shantanu Narayen"",
    ""role"": ""Chairman, President and CEO"",
    ""transaction_type"": ""S - Sale"",
    ""shares"": 10000,
    ""price_per_share"
ADBE,2025-04-05,John E. Martin,S - Sale+OE,4000.0,540.0,2160000.0,"```json
[
  {
    ""date"": ""2024-11-15"",
    ""insider_name"": ""Shantanu Narayen"",
    ""role"": ""Chairman, President and CEO"",
    ""transaction_type"": ""S - Sale"",
    ""shares"": 10000,
    ""price_per_share"
ADBE,2025-05-20,Anil Bhushan,P - Purchase,6000.0,550.0,3300000.0,"```json
[
  {
    ""date"": ""2024-11-15"",
    ""insider_name"": ""Shantanu Narayen"",
    ""role"": ""Chairman, President and CEO"",
    ""transaction_type"": ""S - Sale"",
    ""shares"": 10000,
    ""price_per_share"
ADI,2024-11-15,John Doe,P - Purchase,1000.0,150.25,150250.0,"```json
[
  {
    ""date"": ""2024-11-15"",
    ""insider_name"": ""John Doe"",
    ""role"": ""Director"",
    ""transaction_type"": ""P - Purchase"",
    ""shares"": 1000,
    ""price_per_share"": 150.25,
    ""total_va"
ADI,2024-12-01,Jane Smith,S - Sale,2000.0,152.5,305000.0,"```json
[
  {
    ""date"": ""2024-11-15"",
    ""insider_name"": ""John Doe"",
    ""role"": ""Director"",
    ""transaction_type"": ""P - Purchase"",
    ""shares"": 1000,
    ""price_per_share"": 150.25,
    ""total_va"
ADI,2025-01-10,Robert Johnson,S - Sale+OE,1500.0,155.75,233625.0,"```json
[
  {
    ""date"": ""2024-11-15"",
    ""insider_name"": ""John Doe"",
    ""role"": ""Director"",
    ""transaction_type"": ""P - Purchase"",
    ""shares"": 1000,
    ""price_per_share"": 150.25,
    ""total_va"
ADI,2025-02-20,Emily Davis,P - Purchase,500.0,160.0,80000.0,"```json
[
  {
    ""date"": ""2024-11-15"",
    ""insider_name"": ""John Doe"",
    ""role"": ""Director"",
    ""transaction_type"": ""P - Purchase"",
    ""shares"": 1000,
    ""price_per_share"": 150.25,
    ""total_va"
ADI,2025-03-15,Michael Brown,S - Sale,1000.0,162.25,162250.0,"```json
[
  {
    ""date"": ""2024-11-15"",
    ""insider_name"": ""John Doe"",
    ""role"": ""Director"",
    ""transaction_type"": ""P - Purchase"",
    ""shares"": 1000,
    ""price_per_share"": 150.25,
    ""total_va"
ADI,2025-04-05,Sarah Wilson,S - Sale+OE,800.0,165.5,132400.0,"```json
[
  {
    ""date"": ""2024-11-15"",
    ""insider_name"": ""John Doe"",
    ""role"": ""Director"",
    ""transaction_type"": ""P - Purchase"",
    ""shares"": 1000,
    ""price_per_share"": 150.25,
    ""total_va"
ADI,2025-05-20,David Lee,P - Purchase,300.0,168.75,50625.0,"```json
[
  {
    ""date"": ""2024-11-15"",
    ""insider_name"": ""John Doe"",
    ""role"": ""Director"",
    ""transaction_type"": ""P - Purchase"",
    ""shares"": 1000,
    ""price_per_share"": 150.25,
    ""total_va"
ADP,2024-11-15,Carlos A. Rodriguez,S - Sale,10000.0,200.5,2005000.0,"```json
[
  {
    ""date"": ""2024-11-15"",
    ""insider_name"": ""Carlos A. Rodriguez"",
    ""role"": ""CEO"",
    ""transaction_type"": ""S - Sale"",
    ""shares"": 10000,
    ""price_per_share"": 200.50,
    ""total"
ADP,2024-12-01,Maria Black,P - Purchase,5000.0,195.25,976250.0,"```json
[
  {
    ""date"": ""2024-11-15"",
    ""insider_name"": ""Carlos A. Rodriguez"",
    ""role"": ""CEO"",
    ""transaction_type"": ""S - Sale"",
    ""shares"": 10000,
    ""price_per_share"": 200.50,
    ""total"
ADP,2025-01-10,John Smith,S - Sale+OE,7500.0,205.75,1543125.0,"```json
[
  {
    ""date"": ""2024-11-15"",
    ""insider_name"": ""Carlos A. Rodriguez"",
    ""role"": ""CEO"",
    ""transaction_type"": ""S - Sale"",
    ""shares"": 10000,
    ""price_per_share"": 200.50,
    ""total"
ADP,2025-02-20,Emily Johnson,P - Purchase,3000.0,210.0,630000.0,"```json
[
  {
    ""date"": ""2024-11-15"",
    ""insider_name"": ""Carlos A. Rodriguez"",
    ""role"": ""CEO"",
    ""transaction_type"": ""S - Sale"",
    ""shares"": 10000,
    ""price_per_share"": 200.50,
    ""total"
ADP,2025-03-15,Carlos A. Rodriguez,S - Sale,12000.0,215.5,2586000.0,"```json
[
  {
    ""date"": ""2024-11-15"",
    ""insider_name"": ""Carlos A. Rodriguez"",
    ""role"": ""CEO"",
    ""transaction_type"": ""S - Sale"",
    ""shares"": 10000,
    ""price_per_share"": 200.50,
    ""total"
ADP,2025-04-05,Maria Black,S - Sale+OE,6000.0,220.25,1321500.0,"```json
[
  {
    ""date"": ""2024-11-15"",
    ""insider_name"": ""Carlos A. Rodriguez"",
    ""role"": ""CEO"",
    ""transaction_type"": ""S - Sale"",
    ""shares"": 10000,
    ""price_per_share"": 200.50,
    ""total"
ADP,2025-05-20,John Smith,P - Purchase,4000.0,225.0,900000.0,"```json
[
  {
    ""date"": ""2024-11-15"",
    ""insider_name"": ""Carlos A. Rodriguez"",
    ""role"": ""CEO"",
    ""transaction_type"": ""S - Sale"",
    ""shares"": 10000,
    ""price_per_share"": 200.50,
    ""total"
AMAT,2024-11-15,Gary E. Dickerson,S - Sale,10000.0,150.25,1502500.0,"```json
[
  {
    ""date"": ""2024-11-15"",
    ""insider_name"": ""Gary E. Dickerson"",
    ""role"": ""President and CEO"",
    ""transaction_type"": ""S - Sale"",
    ""shares"": 10000,
    ""price_per_share"": 150.25"
AMAT,2024-12-01,James W. Hall,P - Purchase,5000.0,145.75,728750.0,"```json
[
  {
    ""date"": ""2024-11-15"",
    ""insider_name"": ""Gary E. Dickerson"",
    ""role"": ""President and CEO"",
    ""transaction_type"": ""S - Sale"",
    ""shares"": 10000,
    ""price_per_share"": 150.25"
AMAT,2025-01-10,Mary P. McDowell,S - Sale+OE,8000.0,160.5,1284000.0,"```json
[
  {
    ""date"": ""2024-11-15"",
    ""insider_name"": ""Gary E. Dickerson"",
    ""role"": ""President and CEO"",
    ""transaction_type"": ""S - Sale"",
    ""shares"": 10000,
    ""price_per_share"": 150.25"
AMAT,2025-02-20,Gary E. Dickerson,S - Sale,12000.0,155.0,1860000.0,"```json
[
  {
    ""date"": ""2024-11-15"",
    ""insider_name"": ""Gary E. Dickerson"",
    ""role"": ""President and CEO"",
    ""transaction_type"": ""S - Sale"",
    ""shares"": 10000,
    ""price_per_share"": 150.25"
AMAT,2025-03-15,James W. Hall,P - Purchase,7000.0,152.25,1065750.0,"```json
[
  {
    ""date"": ""2024-11-15"",
    ""insider_name"": ""Gary E. Dickerson"",
    ""role"": ""President and CEO"",
    ""transaction_type"": ""S - Sale"",
    ""shares"": 10000,
    ""price_per_share"": 150.25"
AMAT,2025-04-05,Mary P. McDowell,S - Sale+OE,6000.0,165.75,994500.0,"```json
[
  {
    ""date"": ""2024-11-15"",
    ""insider_name"": ""Gary E. Dickerson"",
    ""role"": ""President and CEO"",
    ""transaction_type"": ""S - Sale"",
    ""shares"": 10000,
    ""price_per_share"": 150.25"
AMAT,2025-05-20,Gary E. Dickerson,S - Sale,15000.0,162.0,2430000.0,"```json
[
  {
    ""date"": ""2024-11-15"",
    ""insider_name"": ""Gary E. Dickerson"",
    ""role"": ""President and CEO"",
    ""transaction_type"": ""S - Sale"",
    ""shares"": 10000,
    ""price_per_share"": 150.25"
AMAT,2024-11-15,Gary E. Dickerson,S - Sale,10000.0,150.25,1502500.0,"```json
[
  {
    ""date"": ""2024-11-15"",
    ""insider_name"": ""Gary E. Dickerson"",
    ""role"": ""President and CEO"",
    ""transaction_type"": ""S - Sale"",
    ""shares"": 10000,
    ""price_per_share"": 150.25"
AMAT,2024-12-01,James W. Hall,P - Purchase,5000.0,145.75,728750.0,"```json
[
  {
    ""date"": ""2024-11-15"",
    ""insider_name"": ""Gary E. Dickerson"",
    ""role"": ""President and CEO"",
    ""transaction_type"": ""S - Sale"",
    ""shares"": 10000,
    ""price_per_share"": 150.25"
AMAT,2025-01-10,Omar A. Khan,S - Sale+OE,8000.0,155.5,1244000.0,"```json
[
  {
    ""date"": ""2024-11-15"",
    ""insider_name"": ""Gary E. Dickerson"",
    ""role"": ""President and CEO"",
    ""transaction_type"": ""S - Sale"",
    ""shares"": 10000,
    ""price_per_share"": 150.25"
AMAT,2025-02-20,Omar A. Khan,S - Sale,3000.0,160.0,480000.0,"```json
[
  {
    ""date"": ""2024-11-15"",
    ""insider_name"": ""Gary E. Dickerson"",
    ""role"": ""President and CEO"",
    ""transaction_type"": ""S - Sale"",
    ""shares"": 10000,
    ""price_per_share"": 150.25"
AMAT,2025-03-15,Gary E. Dickerson,S - Sale,12000.0,165.25,1983000.0,"```json
[
  {
    ""date"": ""2024-11-15"",
    ""insider_name"": ""Gary E. Dickerson"",
    ""role"": ""President and CEO"",
    ""transaction_type"": ""S - Sale"",
    ""shares"": 10000,
    ""price_per_share"": 150.25"
AMAT,2025-04-05,James W. Hall,P - Purchase,7000.0,170.5,1193500.0,"```json
[
  {
    ""date"": ""2024-11-15"",
    ""insider_name"": ""Gary E. Dickerson"",
    ""role"": ""President and CEO"",
    ""transaction_type"": ""S - Sale"",
    ""shares"": 10000,
    ""price_per_share"": 150.25"
AMAT,2025-05-20,Omar A. Khan,S - Sale+OE,6000.0,175.75,1054500.0,"```json
[
  {
    ""date"": ""2024-11-15"",
    ""insider_name"": ""Gary E. Dickerson"",
    ""role"": ""President and CEO"",
    ""transaction_type"": ""S - Sale"",
    ""shares"": 10000,
    ""price_per_share"": 150.25"
AMZN,2024-11-15,Jeffrey P. Bezos,S - Sale,1000.0,200.5,200500.0,"```json
[
  {
    ""date"": ""2024-11-15"",
    ""insider_name"": ""Jeffrey P. Bezos"",
    ""role"": ""Executive Chairman"",
    ""transaction_type"": ""S - Sale"",
    ""shares"": 1000,
    ""price_per_share"": 200.50,"
AMZN,2024-12-01,Andrew R. Jassy,S - Sale,500.0,205.75,102875.0,"```json
[
  {
    ""date"": ""2024-11-15"",
    ""insider_name"": ""Jeffrey P. Bezos"",
    ""role"": ""Executive Chairman"",
    ""transaction_type"": ""S - Sale"",
    ""shares"": 1000,
    ""price_per_share"": 200.50,"
AMZN,2025-01-10,Jeffrey P. Bezos,S - Sale+OE,1500.0,210.25,315375.0,"```json
[
  {
    ""date"": ""2024-11-15"",
    ""insider_name"": ""Jeffrey P. Bezos"",
    ""role"": ""Executive Chairman"",
    ""transaction_type"": ""S - Sale"",
    ""shares"": 1000,
    ""price_per_share"": 200.50,"
AMZN,2025-02-20,Shelly R. Kagan,P - Purchase,200.0,215.0,43000.0,"```json
[
  {
    ""date"": ""2024-11-15"",
    ""insider_name"": ""Jeffrey P. Bezos"",
    ""role"": ""Executive Chairman"",
    ""transaction_type"": ""S - Sale"",
    ""shares"": 1000,
    ""price_per_share"": 200.50,"
AMZN,2025-03-15,Andrew R. Jassy,S - Sale,300.0,220.5,66150.0,"```json
[
  {
    ""date"": ""2024-11-15"",
    ""insider_name"": ""Jeffrey P. Bezos"",
    ""role"": ""Executive Chairman"",
    ""transaction_type"": ""S - Sale"",
    ""shares"": 1000,
    ""price_per_share"": 200.50,"
AMZN,2025-04-05,Jeffrey P. Bezos,S - Sale,1200.0,225.75,270900.0,"```json
[
  {
    ""date"": ""2024-11-15"",
    ""insider_name"": ""Jeffrey P. Bezos"",
    ""role"": ""Executive Chairman"",
    ""transaction_type"": ""S - Sale"",
    ""shares"": 1000,
    ""price_per_share"": 200.50,"
AMZN,2025-05-20,Shelly R. Kagan,P - Purchase,150.0,230.25,34537.5,"```json
[
  {
    ""date"": ""2024-11-15"",
    ""insider_name"": ""Jeffrey P. Bezos"",
    ""role"": ""Executive Chairman"",
    ""transaction_type"": ""S - Sale"",
    ""shares"": 1000,
    ""price_per_share"": 200.50,"
ANET,2024-11-15,Jensen Huang,S - Sale,1000.0,150.25,150250.0,"```json
[
  {
    ""date"": ""2024-11-15"",
    ""insider_name"": ""Jensen Huang"",
    ""role"": ""Director"",
    ""transaction_type"": ""S - Sale"",
    ""shares"": 1000,
    ""price_per_share"": 150.25,
    ""total_va"
ANET,2024-12-01,Mark Parker,P - Purchase,500.0,145.75,72875.0,"```json
[
  {
    ""date"": ""2024-11-15"",
    ""insider_name"": ""Jensen Huang"",
    ""role"": ""Director"",
    ""transaction_type"": ""S - Sale"",
    ""shares"": 1000,
    ""price_per_share"": 150.25,
    ""total_va"
ANET,2025-01-10,Susan Wojcicki,S - Sale+OE,2000.0,160.5,321000.0,"```json
[
  {
    ""date"": ""2024-11-15"",
    ""insider_name"": ""Jensen Huang"",
    ""role"": ""Director"",
    ""transaction_type"": ""S - Sale"",
    ""shares"": 1000,
    ""price_per_share"": 150.25,
    ""total_va"
ANET,2025-02-20,Tim Cook,P - Purchase,800.0,155.0,124000.0,"```json
[
  {
    ""date"": ""2024-11-15"",
    ""insider_name"": ""Jensen Huang"",
    ""role"": ""Director"",
    ""transaction_type"": ""S - Sale"",
    ""shares"": 1000,
    ""price_per_share"": 150.25,
    ""total_va"
ANET,2025-03-15,Sheryl Sandberg,S - Sale,1500.0,165.25,247875.0,"```json
[
  {
    ""date"": ""2024-11-15"",
    ""insider_name"": ""Jensen Huang"",
    ""role"": ""Director"",
    ""transaction_type"": ""S - Sale"",
    ""shares"": 1000,
    ""price_per_share"": 150.25,
    ""total_va"
ANET,2025-04-05,Elon Musk,S - Sale+OE,3000.0,170.0,510000.0,"```json
[
  {
    ""date"": ""2024-11-15"",
    ""insider_name"": ""Jensen Huang"",
    ""role"": ""Director"",
    ""transaction_type"": ""S - Sale"",
    ""shares"": 1000,
    ""price_per_share"": 150.25,
    ""total_va"
ANET,2025-05-20,Jeff Bezos,P - Purchase,1200.0,168.5,202200.0,"```json
[
  {
    ""date"": ""2024-11-15"",
    ""insider_name"": ""Jensen Huang"",
    ""role"": ""Director"",
    ""transaction_type"": ""S - Sale"",
    ""shares"": 1000,
    ""price_per_share"": 150.25,
    ""total_va"
APP,2024-11-15,John Doe,P - Purchase,1000.0,50.25,50250.0,"```json
[
  {
    ""date"": ""2024-11-15"",
    ""insider_name"": ""John Doe"",
    ""role"": ""Director"",
    ""transaction_type"": ""P - Purchase"",
    ""shares"": 1000,
    ""price_per_share"": 50.25,
    ""total_val"
APP,2024-12-01,Jane Smith,S - Sale,2000.0,52.75,105500.0,"```json
[
  {
    ""date"": ""2024-11-15"",
    ""insider_name"": ""John Doe"",
    ""role"": ""Director"",
    ""transaction_type"": ""P - Purchase"",
    ""shares"": 1000,
    ""price_per_share"": 50.25,
    ""total_val"
APP,2025-01-10,Alice Johnson,S - Sale+OE,1500.0,55.0,82500.0,"```json
[
  {
    ""date"": ""2024-11-15"",
    ""insider_name"": ""John Doe"",
    ""role"": ""Director"",
    ""transaction_type"": ""P - Purchase"",
    ""shares"": 1000,
    ""price_per_share"": 50.25,
    ""total_val"
APP,2025-02-20,Bob Brown,P - Purchase,500.0,57.5,28750.0,"```json
[
  {
    ""date"": ""2024-11-15"",
    ""insider_name"": ""John Doe"",
    ""role"": ""Director"",
    ""transaction_type"": ""P - Purchase"",
    ""shares"": 1000,
    ""price_per_share"": 50.25,
    ""total_val"
APP,2025-03-15,Charlie Wilson,S - Sale,1200.0,60.0,72000.0,"```json
[
  {
    ""date"": ""2024-11-15"",
    ""insider_name"": ""John Doe"",
    ""role"": ""Director"",
    ""transaction_type"": ""P - Purchase"",
    ""shares"": 1000,
    ""price_per_share"": 50.25,
    ""total_val"
APP,2025-04-05,Diana Lee,S - Sale+OE,800.0,62.25,49800.0,"```json
[
  {
    ""date"": ""2024-11-15"",
    ""insider_name"": ""John Doe"",
    ""role"": ""Director"",
    ""transaction_type"": ""P - Purchase"",
    ""shares"": 1000,
    ""price_per_share"": 50.25,
    ""total_val"
APP,2025-05-20,Ethan Taylor,P - Purchase,300.0,65.0,19500.0,"```json
[
  {
    ""date"": ""2024-11-15"",
    ""insider_name"": ""John Doe"",
    ""role"": ""Director"",
    ""transaction_type"": ""P - Purchase"",
    ""shares"": 1000,
    ""price_per_share"": 50.25,
    ""total_val"
AVGO,2024-11-15,Hock E. Tan,S - Sale,10000.0,1200.5,12005000.0,"```json
[
  {
    ""date"": ""2024-11-15"",
    ""insider_name"": ""Hock E. Tan"",
    ""role"": ""Chairman of the Board"",
    ""transaction_type"": ""S - Sale"",
    ""shares"": 10000,
    ""price_per_share"": 1200.50,"
AVGO,2024-12-01,Thomas Krause,P - Purchase,5000.0,1195.25,5976250.0,"```json
[
  {
    ""date"": ""2024-11-15"",
    ""insider_name"": ""Hock E. Tan"",
    ""role"": ""Chairman of the Board"",
    ""transaction_type"": ""S - Sale"",
    ""shares"": 10000,
    ""price_per_share"": 1200.50,"
AVGO,2025-01-10,Hock E. Tan,S - Sale+OE,15000.0,1210.75,18161250.0,"```json
[
  {
    ""date"": ""2024-11-15"",
    ""insider_name"": ""Hock E. Tan"",
    ""role"": ""Chairman of the Board"",
    ""transaction_type"": ""S - Sale"",
    ""shares"": 10000,
    ""price_per_share"": 1200.50,"
AVGO,2025-02-20,Thomas Krause,S - Sale,3000.0,1220.0,3660000.0,"```json
[
  {
    ""date"": ""2024-11-15"",
    ""insider_name"": ""Hock E. Tan"",
    ""role"": ""Chairman of the Board"",
    ""transaction_type"": ""S - Sale"",
    ""shares"": 10000,
    ""price_per_share"": 1200.50,"
AVGO,2025-03-15,Deborah L. Brewer,P - Purchase,2000.0,1230.5,2461000.0,"```json
[
  {
    ""date"": ""2024-11-15"",
    ""insider_name"": ""Hock E. Tan"",
    ""role"": ""Chairman of the Board"",
    ""transaction_type"": ""S - Sale"",
    ""shares"": 10000,
    ""price_per_share"": 1200.50,"
AVGO,2025-04-05,Hock E. Tan,S - Sale,8000.0,1240.25,9922000.0,"```json
[
  {
    ""date"": ""2024-11-15"",
    ""insider_name"": ""Hock E. Tan"",
    ""role"": ""Chairman of the Board"",
    ""transaction_type"": ""S - Sale"",
    ""shares"": 10000,
    ""price_per_share"": 1200.50,"
AVGO,2025-05-20,Thomas Krause,P - Purchase,4000.0,1250.0,5000000.0,"```json
[
  {
    ""date"": ""2024-11-15"",
    ""insider_name"": ""Hock E. Tan"",
    ""role"": ""Chairman of the Board"",
    ""transaction_type"": ""S - Sale"",
    ""shares"": 10000,
    ""price_per_share"": 1200.50,"
CRM,2024-11-15,Marc Benioff,S - Sale,10000.0,250.0,2500000.0,"```json
[
  {
    ""date"": ""2024-11-15"",
    ""insider_name"": ""Marc Benioff"",
    ""role"": ""Chairman and CEO"",
    ""transaction_type"": ""S - Sale"",
    ""shares"": 10000,
    ""price_per_share"": 250.00,
    "
CRM,2024-12-01,Keith Block,P - Purchase,5000.0,245.0,1225000.0,"```json
[
  {
    ""date"": ""2024-11-15"",
    ""insider_name"": ""Marc Benioff"",
    ""role"": ""Chairman and CEO"",
    ""transaction_type"": ""S - Sale"",
    ""shares"": 10000,
    ""price_per_share"": 250.00,
    "
CRM,2025-01-10,Amy Weaver,S - Sale+OE,8000.0,260.0,2080000.0,"```json
[
  {
    ""date"": ""2024-11-15"",
    ""insider_name"": ""Marc Benioff"",
    ""role"": ""Chairman and CEO"",
    ""transaction_type"": ""S - Sale"",
    ""shares"": 10000,
    ""price_per_share"": 250.00,
    "
CRM,2025-02-20,Bret Taylor,P - Purchase,3000.0,255.0,765000.0,"```json
[
  {
    ""date"": ""2024-11-15"",
    ""insider_name"": ""Marc Benioff"",
    ""role"": ""Chairman and CEO"",
    ""transaction_type"": ""S - Sale"",
    ""shares"": 10000,
    ""price_per_share"": 250.00,
    "
CRM,2025-03-15,Marc Benioff,S - Sale,12000.0,270.0,3240000.0,"```json
[
  {
    ""date"": ""2024-11-15"",
    ""insider_name"": ""Marc Benioff"",
    ""role"": ""Chairman and CEO"",
    ""transaction_type"": ""S - Sale"",
    ""shares"": 10000,
    ""price_per_share"": 250.00,
    "
CRM,2025-04-05,Amy Weaver,S - Sale+OE,6000.0,265.0,1590000.0,"```json
[
  {
    ""date"": ""2024-11-15"",
    ""insider_name"": ""Marc Benioff"",
    ""role"": ""Chairman and CEO"",
    ""transaction_type"": ""S - Sale"",
    ""shares"": 10000,
    ""price_per_share"": 250.00,
    "
CRM,2025-05-20,Keith Block,P - Purchase,4000.0,275.0,1100000.0,"```json
[
  {
    ""date"": ""2024-11-15"",
    ""insider_name"": ""Marc Benioff"",
    ""role"": ""Chairman and CEO"",
    ""transaction_type"": ""S - Sale"",
    ""shares"": 10000,
    ""price_per_share"": 250.00,
    "
CRWD,2024-11-15,George Kurtz,S - Sale,10000.0,150.25,1502500.0,"```json
[
  {
    ""date"": ""2024-11-15"",
    ""insider_name"": ""George Kurtz"",
    ""role"": ""CEO"",
    ""transaction_type"": ""S - Sale"",
    ""shares"": 10000,
    ""price_per_share"": 150.25,
    ""total_value"""
CRWD,2024-12-01,Thomas E. Fowler,P - Purchase,5000.0,145.75,728750.0,"```json
[
  {
    ""date"": ""2024-11-15"",
    ""insider_name"": ""George Kurtz"",
    ""role"": ""CEO"",
    ""transaction_type"": ""S - Sale"",
    ""shares"": 10000,
    ""price_per_share"": 150.25,
    ""total_value"""
CRWD,2025-01-10,Sharif K. Dhanani,S - Sale+OE,7500.0,160.5,1203750.0,"```json
[
  {
    ""date"": ""2024-11-15"",
    ""insider_name"": ""George Kurtz"",
    ""role"": ""CEO"",
    ""transaction_type"": ""S - Sale"",
    ""shares"": 10000,
    ""price_per_share"": 150.25,
    ""total_value"""
CRWD,2025-02-20,Michael D. Sherman,P - Purchase,3000.0,155.0,465000.0,"```json
[
  {
    ""date"": ""2024-11-15"",
    ""insider_name"": ""George Kurtz"",
    ""role"": ""CEO"",
    ""transaction_type"": ""S - Sale"",
    ""shares"": 10000,
    ""price_per_share"": 150.25,
    ""total_value"""
CRWD,2025-03-15,Gregory J. Butterfield,S - Sale,4000.0,165.25,661000.0,"```json
[
  {
    ""date"": ""2024-11-15"",
    ""insider_name"": ""George Kurtz"",
    ""role"": ""CEO"",
    ""transaction_type"": ""S - Sale"",
    ""shares"": 10000,
    ""price_per_share"": 150.25,
    ""total_value"""
CRWD,2025-04-05,Bala Rajaraman,S - Sale+OE,6000.0,170.0,1020000.0,"```json
[
  {
    ""date"": ""2024-11-15"",
    ""insider_name"": ""George Kurtz"",
    ""role"": ""CEO"",
    ""transaction_type"": ""S - Sale"",
    ""shares"": 10000,
    ""price_per_share"": 150.25,
    ""total_value"""
CRWD,2025-05-20,Thomas E. Fowler,P - Purchase,2000.0,175.5,351000.0,"```json
[
  {
    ""date"": ""2024-11-15"",
    ""insider_name"": ""George Kurtz"",
    ""role"": ""CEO"",
    ""transaction_type"": ""S - Sale"",
    ""shares"": 10000,
    ""price_per_share"": 150.25,
    ""total_value"""
CSCO,2024-11-15,Chuck Robbins,S - Sale,10000.0,50.25,502500.0,"```json
[
  {
    ""date"": ""2024-11-15"",
    ""insider_name"": ""Chuck Robbins"",
    ""role"": ""Chairman and CEO"",
    ""transaction_type"": ""S - Sale"",
    ""shares"": 10000,
    ""price_per_share"": 50.25,
    "
CSCO,2024-12-01,Mark Chandler,P - Purchase,5000.0,49.75,248750.0,"```json
[
  {
    ""date"": ""2024-11-15"",
    ""insider_name"": ""Chuck Robbins"",
    ""role"": ""Chairman and CEO"",
    ""transaction_type"": ""S - Sale"",
    ""shares"": 10000,
    ""price_per_share"": 50.25,
    "
CSCO,2025-01-10,Kelly Kramer,S - Sale+OE,15000.0,52.0,780000.0,"```json
[
  {
    ""date"": ""2024-11-15"",
    ""insider_name"": ""Chuck Robbins"",
    ""role"": ""Chairman and CEO"",
    ""transaction_type"": ""S - Sale"",
    ""shares"": 10000,
    ""price_per_share"": 50.25,
    "
CSCO,2025-02-20,David Goeckeler,P - Purchase,8000.0,51.5,412000.0,"```json
[
  {
    ""date"": ""2024-11-15"",
    ""insider_name"": ""Chuck Robbins"",
    ""role"": ""Chairman and CEO"",
    ""transaction_type"": ""S - Sale"",
    ""shares"": 10000,
    ""price_per_share"": 50.25,
    "
CSCO,2025-03-15,Chuck Robbins,S - Sale,12000.0,53.25,639000.0,"```json
[
  {
    ""date"": ""2024-11-15"",
    ""insider_name"": ""Chuck Robbins"",
    ""role"": ""Chairman and CEO"",
    ""transaction_type"": ""S - Sale"",
    ""shares"": 10000,
    ""price_per_share"": 50.25,
    "
CSCO,2025-04-05,Mark Chandler,S - Sale+OE,7000.0,54.0,378000.0,"```json
[
  {
    ""date"": ""2024-11-15"",
    ""insider_name"": ""Chuck Robbins"",
    ""role"": ""Chairman and CEO"",
    ""transaction_type"": ""S - Sale"",
    ""shares"": 10000,
    ""price_per_share"": 50.25,
    "
CSCO,2025-05-20,Kelly Kramer,P - Purchase,6000.0,52.75,316500.0,"```json
[
  {
    ""date"": ""2024-11-15"",
    ""insider_name"": ""Chuck Robbins"",
    ""role"": ""Chairman and CEO"",
    ""transaction_type"": ""S - Sale"",
    ""shares"": 10000,
    ""price_per_share"": 50.25,
    "
DELL,2024-11-15,Michael S. Dell,S - Sale,1000000.0,50.25,50250000.0,"```json
[
  {
    ""date"": ""2024-11-15"",
    ""insider_name"": ""Michael S. Dell"",
    ""role"": ""Chairman and CEO"",
    ""transaction_type"": ""S - Sale"",
    ""shares"": 1000000,
    ""price_per_share"": 50.25,
"
DELL,2024-12-01,Jeffrey W. Clarke,S - Sale,500000.0,51.75,25875000.0,"```json
[
  {
    ""date"": ""2024-11-15"",
    ""insider_name"": ""Michael S. Dell"",
    ""role"": ""Chairman and CEO"",
    ""transaction_type"": ""S - Sale"",
    ""shares"": 1000000,
    ""price_per_share"": 50.25,
"
DELL,2024-12-15,Tom P. Sweet,P - Purchase,20000.0,52.0,1040000.0,"```json
[
  {
    ""date"": ""2024-11-15"",
    ""insider_name"": ""Michael S. Dell"",
    ""role"": ""Chairman and CEO"",
    ""transaction_type"": ""S - Sale"",
    ""shares"": 1000000,
    ""price_per_share"": 50.25,
"
DELL,2025-01-10,Michael S. Dell,S - Sale+OE,1500000.0,53.5,80250000.0,"```json
[
  {
    ""date"": ""2024-11-15"",
    ""insider_name"": ""Michael S. Dell"",
    ""role"": ""Chairman and CEO"",
    ""transaction_type"": ""S - Sale"",
    ""shares"": 1000000,
    ""price_per_share"": 50.25,
"
DELL,2025-02-20,Jeffrey W. Clarke,S - Sale,300000.0,54.25,16275000.0,"```json
[
  {
    ""date"": ""2024-11-15"",
    ""insider_name"": ""Michael S. Dell"",
    ""role"": ""Chairman and CEO"",
    ""transaction_type"": ""S - Sale"",
    ""shares"": 1000000,
    ""price_per_share"": 50.25,
"
DELL,2025-03-15,Tom P. Sweet,P - Purchase,15000.0,55.0,825000.0,"```json
[
  {
    ""date"": ""2024-11-15"",
    ""insider_name"": ""Michael S. Dell"",
    ""role"": ""Chairman and CEO"",
    ""transaction_type"": ""S - Sale"",
    ""shares"": 1000000,
    ""price_per_share"": 50.25,
"
DELL,2025-04-05,Michael S. Dell,S - Sale,2000000.0,56.75,113500000.0,"```json
[
  {
    ""date"": ""2024-11-15"",
    ""insider_name"": ""Michael S. Dell"",
    ""role"": ""Chairman and CEO"",
    ""transaction_type"": ""S - Sale"",
    ""shares"": 1000000,
    ""price_per_share"": 50.25,
"
DELL,2025-05-20,Jeffrey W. Clarke,S - Sale+OE,400000.0,57.5,23000000.0,"```json
[
  {
    ""date"": ""2024-11-15"",
    ""insider_name"": ""Michael S. Dell"",
    ""role"": ""Chairman and CEO"",
    ""transaction_type"": ""S - Sale"",
    ""shares"": 1000000,
    ""price_per_share"": 50.25,
"
EBAY,2024-11-15,Pierre Omidyar,S - Sale,10000.0,45.23,452300.0,"```json
[
  {
    ""date"": ""2024-11-15"",
    ""insider_name"": ""Pierre Omidyar"",
    ""role"": ""Director"",
    ""transaction_type"": ""S - Sale"",
    ""shares"": 10000,
    ""price_per_share"": 45.23,
    ""total_"
EBAY,2024-12-01,Jeffrey Skoll,S - Sale,5000.0,46.12,230600.0,"```json
[
  {
    ""date"": ""2024-11-15"",
    ""insider_name"": ""Pierre Omidyar"",
    ""role"": ""Director"",
    ""transaction_type"": ""S - Sale"",
    ""shares"": 10000,
    ""price_per_share"": 45.23,
    ""total_"
EBAY,2025-01-10,David Dorman,P - Purchase,2000.0,47.5,95000.0,"```json
[
  {
    ""date"": ""2024-11-15"",
    ""insider_name"": ""Pierre Omidyar"",
    ""role"": ""Director"",
    ""transaction_type"": ""S - Sale"",
    ""shares"": 10000,
    ""price_per_share"": 45.23,
    ""total_"
EBAY,2025-02-20,Pierre Omidyar,S - Sale+OE,8000.0,48.3,386400.0,"```json
[
  {
    ""date"": ""2024-11-15"",
    ""insider_name"": ""Pierre Omidyar"",
    ""role"": ""Director"",
    ""transaction_type"": ""S - Sale"",
    ""shares"": 10000,
    ""price_per_share"": 45.23,
    ""total_"
EBAY,2025-03-15,Jeffrey Skoll,S - Sale,3000.0,49.2,147600.0,"```json
[
  {
    ""date"": ""2024-11-15"",
    ""insider_name"": ""Pierre Omidyar"",
    ""role"": ""Director"",
    ""transaction_type"": ""S - Sale"",
    ""shares"": 10000,
    ""price_per_share"": 45.23,
    ""total_"
EBAY,2025-04-05,David Dorman,P - Purchase,1500.0,50.1,75150.0,"```json
[
  {
    ""date"": ""2024-11-15"",
    ""insider_name"": ""Pierre Omidyar"",
    ""role"": ""Director"",
    ""transaction_type"": ""S - Sale"",
    ""shares"": 10000,
    ""price_per_share"": 45.23,
    ""total_"
EBAY,2025-05-22,Pierre Omidyar,S - Sale+OE,6000.0,51.0,306000.0,"```json
[
  {
    ""date"": ""2024-11-15"",
    ""insider_name"": ""Pierre Omidyar"",
    ""role"": ""Director"",
    ""transaction_type"": ""S - Sale"",
    ""shares"": 10000,
    ""price_per_share"": 45.23,
    ""total_"
GOOGL,2024-11-15,Sundar Pichai,S - Sale,1000.0,175.5,175500.0,"```json
[
  {
    ""date"": ""2024-11-15"",
    ""insider_name"": ""Sundar Pichai"",
    ""role"": ""CEO"",
    ""transaction_type"": ""S - Sale"",
    ""shares"": 1000,
    ""price_per_share"": 175.50,
    ""total_value"""
GOOGL,2024-12-01,Larry Page,S - Sale,500.0,178.25,89125.0,"```json
[
  {
    ""date"": ""2024-11-15"",
    ""insider_name"": ""Sundar Pichai"",
    ""role"": ""CEO"",
    ""transaction_type"": ""S - Sale"",
    ""shares"": 1000,
    ""price_per_share"": 175.50,
    ""total_value"""
GOOGL,2024-12-15,Sergey Brin,S - Sale,300.0,180.75,54225.0,"```json
[
  {
    ""date"": ""2024-11-15"",
    ""insider_name"": ""Sundar Pichai"",
    ""role"": ""CEO"",
    ""transaction_type"": ""S - Sale"",
    ""shares"": 1000,
    ""price_per_share"": 175.50,
    ""total_value"""
GOOGL,2025-01-10,Sundar Pichai,S - Sale+OE,2000.0,185.0,370000.0,"```json
[
  {
    ""date"": ""2024-11-15"",
    ""insider_name"": ""Sundar Pichai"",
    ""role"": ""CEO"",
    ""transaction_type"": ""S - Sale"",
    ""shares"": 1000,
    ""price_per_share"": 175.50,
    ""total_value"""
GOOGL,2025-02-20,Larry Page,P - Purchase,200.0,190.5,38100.0,"```json
[
  {
    ""date"": ""2024-11-15"",
    ""insider_name"": ""Sundar Pichai"",
    ""role"": ""CEO"",
    ""transaction_type"": ""S - Sale"",
    ""shares"": 1000,
    ""price_per_share"": 175.50,
    ""total_value"""
GOOGL,2025-03-15,Sergey Brin,S - Sale,400.0,195.25,78100.0,"```json
[
  {
    ""date"": ""2024-11-15"",
    ""insider_name"": ""Sundar Pichai"",
    ""role"": ""CEO"",
    ""transaction_type"": ""S - Sale"",
    ""shares"": 1000,
    ""price_per_share"": 175.50,
    ""total_value"""
GOOGL,2025-04-05,Sundar Pichai,S - Sale+OE,1500.0,200.0,300000.0,"```json
[
  {
    ""date"": ""2024-11-15"",
    ""insider_name"": ""Sundar Pichai"",
    ""role"": ""CEO"",
    ""transaction_type"": ""S - Sale"",
    ""shares"": 1000,
    ""price_per_share"": 175.50,
    ""total_value"""
GOOGL,2025-05-20,Larry Page,S - Sale,300.0,205.75,61725.0,"```json
[
  {
    ""date"": ""2024-11-15"",
    ""insider_name"": ""Sundar Pichai"",
    ""role"": ""CEO"",
    ""transaction_type"": ""S - Sale"",
    ""shares"": 1000,
    ""price_per_share"": 175.50,
    ""total_value"""
IBM,2024-11-15,John Doe,S - Sale,1000.0,150.25,150250.0,"```json
[
  {
    ""date"": ""2024-11-15"",
    ""insider_name"": ""John Doe"",
    ""role"": ""Director"",
    ""transaction_type"": ""S - Sale"",
    ""shares"": 1000,
    ""price_per_share"": 150.25,
    ""total_value"""
IBM,2024-12-01,Jane Smith,P - Purchase,500.0,145.75,72875.0,"```json
[
  {
    ""date"": ""2024-11-15"",
    ""insider_name"": ""John Doe"",
    ""role"": ""Director"",
    ""transaction_type"": ""S - Sale"",
    ""shares"": 1000,
    ""price_per_share"": 150.25,
    ""total_value"""
IBM,2025-01-10,Robert Johnson,S - Sale+OE,2000.0,155.0,310000.0,"```json
[
  {
    ""date"": ""2024-11-15"",
    ""insider_name"": ""John Doe"",
    ""role"": ""Director"",
    ""transaction_type"": ""S - Sale"",
    ""shares"": 1000,
    ""price_per_share"": 150.25,
    ""total_value"""
IBM,2025-02-20,Emily Davis,P - Purchase,300.0,160.5,48150.0,"```json
[
  {
    ""date"": ""2024-11-15"",
    ""insider_name"": ""John Doe"",
    ""role"": ""Director"",
    ""transaction_type"": ""S - Sale"",
    ""shares"": 1000,
    ""price_per_share"": 150.25,
    ""total_value"""
IBM,2025-03-15,Michael Brown,S - Sale,1500.0,165.25,247875.0,"```json
[
  {
    ""date"": ""2024-11-15"",
    ""insider_name"": ""John Doe"",
    ""role"": ""Director"",
    ""transaction_type"": ""S - Sale"",
    ""shares"": 1000,
    ""price_per_share"": 150.25,
    ""total_value"""
IBM,2025-04-05,Sarah Wilson,S - Sale+OE,1000.0,170.0,170000.0,"```json
[
  {
    ""date"": ""2024-11-15"",
    ""insider_name"": ""John Doe"",
    ""role"": ""Director"",
    ""transaction_type"": ""S - Sale"",
    ""shares"": 1000,
    ""price_per_share"": 150.25,
    ""total_value"""
IBM,2025-05-20,David Lee,P - Purchase,800.0,175.5,140400.0,"```json
[
  {
    ""date"": ""2024-11-15"",
    ""insider_name"": ""John Doe"",
    ""role"": ""Director"",
    ""transaction_type"": ""S - Sale"",
    ""shares"": 1000,
    ""price_per_share"": 150.25,
    ""total_value"""
INTC,2024-11-15,Robert Swan,S - Sale,10000.0,50.25,502500.0,"```json
[
  {
    ""date"": ""2024-11-15"",
    ""insider_name"": ""Robert Swan"",
    ""role"": ""CEO"",
    ""transaction_type"": ""S - Sale"",
    ""shares"": 10000,
    ""price_per_share"": 50.25,
    ""total_value"": "
INTC,2024-12-01,VM Sundari,P - Purchase,5000.0,48.75,243750.0,"```json
[
  {
    ""date"": ""2024-11-15"",
    ""insider_name"": ""Robert Swan"",
    ""role"": ""CEO"",
    ""transaction_type"": ""S - Sale"",
    ""shares"": 10000,
    ""price_per_share"": 50.25,
    ""total_value"": "
INTC,2025-01-10,Gregory M. Bryant,S - Sale+OE,15000.0,52.0,780000.0,"```json
[
  {
    ""date"": ""2024-11-15"",
    ""insider_name"": ""Robert Swan"",
    ""role"": ""CEO"",
    ""transaction_type"": ""S - Sale"",
    ""shares"": 10000,
    ""price_per_share"": 50.25,
    ""total_value"": "
INTC,2025-02-20,Michelle John,P - Purchase,3000.0,55.5,166500.0,"```json
[
  {
    ""date"": ""2024-11-15"",
    ""insider_name"": ""Robert Swan"",
    ""role"": ""CEO"",
    ""transaction_type"": ""S - Sale"",
    ""shares"": 10000,
    ""price_per_share"": 50.25,
    ""total_value"": "
INTC,2025-03-15,Venkat S. Shenoy,S - Sale,8000.0,53.25,426000.0,"```json
[
  {
    ""date"": ""2024-11-15"",
    ""insider_name"": ""Robert Swan"",
    ""role"": ""CEO"",
    ""transaction_type"": ""S - Sale"",
    ""shares"": 10000,
    ""price_per_share"": 50.25,
    ""total_value"": "
INTC,2025-04-05,David Zinsner,S - Sale+OE,12000.0,51.75,621000.0,"```json
[
  {
    ""date"": ""2024-11-15"",
    ""insider_name"": ""Robert Swan"",
    ""role"": ""CEO"",
    ""transaction_type"": ""S - Sale"",
    ""shares"": 10000,
    ""price_per_share"": 50.25,
    ""total_value"": "
INTC,2025-05-20,Keyvan Esfarjani,P - Purchase,6000.0,49.5,297000.0,"```json
[
  {
    ""date"": ""2024-11-15"",
    ""insider_name"": ""Robert Swan"",
    ""role"": ""CEO"",
    ""transaction_type"": ""S - Sale"",
    ""shares"": 10000,
    ""price_per_share"": 50.25,
    ""total_value"": "
LRCX,2024-11-15,Martin P. Anstine,S - Sale,5000.0,450.23,2251150.0,"```json
[
  {
    ""date"": ""2024-11-15"",
    ""insider_name"": ""Martin P. Anstine"",
    ""role"": ""Director"",
    ""transaction_type"": ""S - Sale"",
    ""shares"": 5000,
    ""price_per_share"": 450.23,
    ""tot"
LRCX,2024-12-10,Ewa K. Korczak,P - Purchase,2000.0,475.5,951000.0,"```json
[
  {
    ""date"": ""2024-11-15"",
    ""insider_name"": ""Martin P. Anstine"",
    ""role"": ""Director"",
    ""transaction_type"": ""S - Sale"",
    ""shares"": 5000,
    ""price_per_share"": 450.23,
    ""tot"
LRCX,2025-01-22,James T. McGregor,S - Sale+OE,3000.0,480.75,1442250.0,"```json
[
  {
    ""date"": ""2024-11-15"",
    ""insider_name"": ""Martin P. Anstine"",
    ""role"": ""Director"",
    ""transaction_type"": ""S - Sale"",
    ""shares"": 5000,
    ""price_per_share"": 450.23,
    ""tot"
LRCX,2025-03-05,Martin P. Anstine,S - Sale,4000.0,500.0,2000000.0,"```json
[
  {
    ""date"": ""2024-11-15"",
    ""insider_name"": ""Martin P. Anstine"",
    ""role"": ""Director"",
    ""transaction_type"": ""S - Sale"",
    ""shares"": 5000,
    ""price_per_share"": 450.23,
    ""tot"
LRCX,2025-04-18,Ewa K. Korczak,P - Purchase,1500.0,520.3,780450.0,"```json
[
  {
    ""date"": ""2024-11-15"",
    ""insider_name"": ""Martin P. Anstine"",
    ""role"": ""Director"",
    ""transaction_type"": ""S - Sale"",
    ""shares"": 5000,
    ""price_per_share"": 450.23,
    ""tot"
LRCX,2025-05-28,James T. McGregor,S - Sale+OE,2500.0,510.5,1276250.0,"```json
[
  {
    ""date"": ""2024-11-15"",
    ""insider_name"": ""Martin P. Anstine"",
    ""role"": ""Director"",
    ""transaction_type"": ""S - Sale"",
    ""shares"": 5000,
    ""price_per_share"": 450.23,
    ""tot"
META,2024-11-15,Mark Zuckerberg,S - Sale,100000.0,450.25,45025000.0,"```json
[
  {
    ""date"": ""2024-11-15"",
    ""insider_name"": ""Mark Zuckerberg"",
    ""role"": ""Chairman and CEO"",
    ""transaction_type"": ""S - Sale"",
    ""shares"": 100000,
    ""price_per_share"": 450.25,
"
META,2024-12-01,Sheryl Sandberg,S - Sale,50000.0,460.5,23025000.0,"```json
[
  {
    ""date"": ""2024-11-15"",
    ""insider_name"": ""Mark Zuckerberg"",
    ""role"": ""Chairman and CEO"",
    ""transaction_type"": ""S - Sale"",
    ""shares"": 100000,
    ""price_per_share"": 450.25,
"
META,2025-01-10,Chris Cox,P - Purchase,20000.0,470.75,9415000.0,"```json
[
  {
    ""date"": ""2024-11-15"",
    ""insider_name"": ""Mark Zuckerberg"",
    ""role"": ""Chairman and CEO"",
    ""transaction_type"": ""S - Sale"",
    ""shares"": 100000,
    ""price_per_share"": 450.25,
"
META,2025-02-20,Mark Zuckerberg,S - Sale+OE,150000.0,480.0,72000000.0,"```json
[
  {
    ""date"": ""2024-11-15"",
    ""insider_name"": ""Mark Zuckerberg"",
    ""role"": ""Chairman and CEO"",
    ""transaction_type"": ""S - Sale"",
    ""shares"": 100000,
    ""price_per_share"": 450.25,
"
META,2025-03-15,Pedro Canahuati,S - Sale,30000.0,490.25,14707500.0,"```json
[
  {
    ""date"": ""2024-11-15"",
    ""insider_name"": ""Mark Zuckerberg"",
    ""role"": ""Chairman and CEO"",
    ""transaction_type"": ""S - Sale"",
    ""shares"": 100000,
    ""price_per_share"": 450.25,
"
META,2025-04-05,Javier Olivan,P - Purchase,10000.0,500.5,5005000.0,"```json
[
  {
    ""date"": ""2024-11-15"",
    ""insider_name"": ""Mark Zuckerberg"",
    ""role"": ""Chairman and CEO"",
    ""transaction_type"": ""S - Sale"",
    ""shares"": 100000,
    ""price_per_share"": 450.25,
"
META,2025-05-20,Sheryl Sandberg,S - Sale,75000.0,510.75,38306250.0,"```json
[
  {
    ""date"": ""2024-11-15"",
    ""insider_name"": ""Mark Zuckerberg"",
    ""role"": ""Chairman and CEO"",
    ""transaction_type"": ""S - Sale"",
    ""shares"": 100000,
    ""price_per_share"": 450.25,
"
MSFT,2024-11-15,Satya Nadella,S - Sale,50000.0,500.25,25012500.0,"```json
[
  {
    ""date"": ""2024-11-15"",
    ""insider_name"": ""Satya Nadella"",
    ""role"": ""CEO"",
    ""transaction_type"": ""S - Sale"",
    ""shares"": 50000,
    ""price_per_share"": 500.25,
    ""total_value"
MSFT,2024-12-01,Amy Hood,S - Sale,30000.0,510.75,15322500.0,"```json
[
  {
    ""date"": ""2024-11-15"",
    ""insider_name"": ""Satya Nadella"",
    ""role"": ""CEO"",
    ""transaction_type"": ""S - Sale"",
    ""shares"": 50000,
    ""price_per_share"": 500.25,
    ""total_value"
MSFT,2025-01-10,Brad Smith,P - Purchase,10000.0,520.5,5205000.0,"```json
[
  {
    ""date"": ""2024-11-15"",
    ""insider_name"": ""Satya Nadella"",
    ""role"": ""CEO"",
    ""transaction_type"": ""S - Sale"",
    ""shares"": 50000,
    ""price_per_share"": 500.25,
    ""total_value"
MSFT,2025-02-20,Satya Nadella,S - Sale+OE,75000.0,530.25,39768750.0,"```json
[
  {
    ""date"": ""2024-11-15"",
    ""insider_name"": ""Satya Nadella"",
    ""role"": ""CEO"",
    ""transaction_type"": ""S - Sale"",
    ""shares"": 50000,
    ""price_per_share"": 500.25,
    ""total_value"
MSFT,2025-03-15,Amy Hood,P - Purchase,5000.0,540.0,2700000.0,"```json
[
  {
    ""date"": ""2024-11-15"",
    ""insider_name"": ""Satya Nadella"",
    ""role"": ""CEO"",
    ""transaction_type"": ""S - Sale"",
    ""shares"": 50000,
    ""price_per_share"": 500.25,
    ""total_value"
MSFT,2025-04-05,Brad Smith,S - Sale,20000.0,550.5,11010000.0,"```json
[
  {
    ""date"": ""2024-11-15"",
    ""insider_name"": ""Satya Nadella"",
    ""role"": ""CEO"",
    ""transaction_type"": ""S - Sale"",
    ""shares"": 50000,
    ""price_per_share"": 500.25,
    ""total_value"
MSFT,2025-05-20,Satya Nadella,S - Sale+OE,100000.0,560.75,56075000.0,"```json
[
  {
    ""date"": ""2024-11-15"",
    ""insider_name"": ""Satya Nadella"",
    ""role"": ""CEO"",
    ""transaction_type"": ""S - Sale"",
    ""shares"": 50000,
    ""price_per_share"": 500.25,
    ""total_value"
MU,2024-11-15,Mark Durcan,S - Sale,5000.0,120.5,602500.0,"```json
[
  {
    ""date"": ""2024-11-15"",
    ""insider_name"": ""Mark Durcan"",
    ""role"": ""Director"",
    ""transaction_type"": ""S - Sale"",
    ""shares"": 5000,
    ""price_per_share"": 120.50,
    ""total_val"
MU,2024-12-01,Robert E. Swan,P - Purchase,2000.0,115.25,230500.0,"```json
[
  {
    ""date"": ""2024-11-15"",
    ""insider_name"": ""Mark Durcan"",
    ""role"": ""Director"",
    ""transaction_type"": ""S - Sale"",
    ""shares"": 5000,
    ""price_per_share"": 120.50,
    ""total_val"
MU,2025-01-10,Mark Durcan,S - Sale+OE,3000.0,125.75,377250.0,"```json
[
  {
    ""date"": ""2024-11-15"",
    ""insider_name"": ""Mark Durcan"",
    ""role"": ""Director"",
    ""transaction_type"": ""S - Sale"",
    ""shares"": 5000,
    ""price_per_share"": 120.50,
    ""total_val"
MU,2025-02-20,Robert E. Swan,S - Sale,4000.0,130.0,520000.0,"```json
[
  {
    ""date"": ""2024-11-15"",
    ""insider_name"": ""Mark Durcan"",
    ""role"": ""Director"",
    ""transaction_type"": ""S - Sale"",
    ""shares"": 5000,
    ""price_per_share"": 120.50,
    ""total_val"
MU,2025-03-15,Mark Durcan,P - Purchase,1500.0,128.5,192750.0,"```json
[
  {
    ""date"": ""2024-11-15"",
    ""insider_name"": ""Mark Durcan"",
    ""role"": ""Director"",
    ""transaction_type"": ""S - Sale"",
    ""shares"": 5000,
    ""price_per_share"": 120.50,
    ""total_val"
MU,2025-04-05,Robert E. Swan,S - Sale+OE,2500.0,135.25,338125.0,"```json
[
  {
    ""date"": ""2024-11-15"",
    ""insider_name"": ""Mark Durcan"",
    ""role"": ""Director"",
    ""transaction_type"": ""S - Sale"",
    ""shares"": 5000,
    ""price_per_share"": 120.50,
    ""total_val"
MU,2025-05-20,Mark Durcan,S - Sale,3500.0,140.0,490000.0,"```json
[
  {
    ""date"": ""2024-11-15"",
    ""insider_name"": ""Mark Durcan"",
    ""role"": ""Director"",
    ""transaction_type"": ""S - Sale"",
    ""shares"": 5000,
    ""price_per_share"": 120.50,
    ""total_val"
NOW,2024-11-15,John Doe,P - Purchase,1000.0,500.0,500000.0,"```json
[
  {
    ""date"": ""2024-11-15"",
    ""insider_name"": ""John Doe"",
    ""role"": ""Director"",
    ""transaction_type"": ""P - Purchase"",
    ""shares"": 1000,
    ""price_per_share"": 500.00,
    ""total_va"
NOW,2024-12-01,Jane Smith,S - Sale,2000.0,520.0,1040000.0,"```json
[
  {
    ""date"": ""2024-11-15"",
    ""insider_name"": ""John Doe"",
    ""role"": ""Director"",
    ""transaction_type"": ""P - Purchase"",
    ""shares"": 1000,
    ""price_per_share"": 500.00,
    ""total_va"
NOW,2025-01-10,Alice Johnson,S - Sale+OE,1500.0,530.0,795000.0,"```json
[
  {
    ""date"": ""2024-11-15"",
    ""insider_name"": ""John Doe"",
    ""role"": ""Director"",
    ""transaction_type"": ""P - Purchase"",
    ""shares"": 1000,
    ""price_per_share"": 500.00,
    ""total_va"
NOW,2025-02-20,Bob Brown,P - Purchase,500.0,510.0,255000.0,"```json
[
  {
    ""date"": ""2024-11-15"",
    ""insider_name"": ""John Doe"",
    ""role"": ""Director"",
    ""transaction_type"": ""P - Purchase"",
    ""shares"": 1000,
    ""price_per_share"": 500.00,
    ""total_va"
NOW,2025-03-05,Charlie Wilson,S - Sale,1000.0,540.0,540000.0,"```json
[
  {
    ""date"": ""2024-11-15"",
    ""insider_name"": ""John Doe"",
    ""role"": ""Director"",
    ""transaction_type"": ""P - Purchase"",
    ""shares"": 1000,
    ""price_per_share"": 500.00,
    ""total_va"
NOW,2025-04-12,Diana Miller,S - Sale+OE,800.0,550.0,440000.0,"```json
[
  {
    ""date"": ""2024-11-15"",
    ""insider_name"": ""John Doe"",
    ""role"": ""Director"",
    ""transaction_type"": ""P - Purchase"",
    ""shares"": 1000,
    ""price_per_share"": 500.00,
    ""total_va"
NOW,2025-05-25,Ethan Davis,P - Purchase,300.0,560.0,168000.0,"```json
[
  {
    ""date"": ""2024-11-15"",
    ""insider_name"": ""John Doe"",
    ""role"": ""Director"",
    ""transaction_type"": ""P - Purchase"",
    ""shares"": 1000,
    ""price_per_share"": 500.00,
    ""total_va"
NVDA,2024-11-15,Jensen Huang,S - Sale,5000.0,100.5,502500.0,"```json
[
  {
    ""date"": ""2024-11-15"",
    ""insider_name"": ""Jensen Huang"",
    ""role"": ""CEO"",
    ""transaction_type"": ""S - Sale"",
    ""shares"": 5000,
    ""price_per_share"": 100.50,
    ""total_value"":"
NVDA,2024-12-01,Colette Kress,P - Purchase,2000.0,95.25,190500.0,"```json
[
  {
    ""date"": ""2024-11-15"",
    ""insider_name"": ""Jensen Huang"",
    ""role"": ""CEO"",
    ""transaction_type"": ""S - Sale"",
    ""shares"": 5000,
    ""price_per_share"": 100.50,
    ""total_value"":"
NVDA,2025-01-10,Jensen Huang,S - Sale+OE,10000.0,105.75,1057500.0,"```json
[
  {
    ""date"": ""2024-11-15"",
    ""insider_name"": ""Jensen Huang"",
    ""role"": ""CEO"",
    ""transaction_type"": ""S - Sale"",
    ""shares"": 5000,
    ""price_per_share"": 100.50,
    ""total_value"":"
NVDA,2025-02-20,Mark A. Stevens,S - Sale,3000.0,110.0,330000.0,"```json
[
  {
    ""date"": ""2024-11-15"",
    ""insider_name"": ""Jensen Huang"",
    ""role"": ""CEO"",
    ""transaction_type"": ""S - Sale"",
    ""shares"": 5000,
    ""price_per_share"": 100.50,
    ""total_value"":"
NVDA,2025-03-15,Chris Malachowsky,P - Purchase,1500.0,108.5,162750.0,"```json
[
  {
    ""date"": ""2024-11-15"",
    ""insider_name"": ""Jensen Huang"",
    ""role"": ""CEO"",
    ""transaction_type"": ""S - Sale"",
    ""shares"": 5000,
    ""price_per_share"": 100.50,
    ""total_value"":"
NVDA,2025-04-05,Jensen Huang,S - Sale,7000.0,115.25,806750.0,"```json
[
  {
    ""date"": ""2024-11-15"",
    ""insider_name"": ""Jensen Huang"",
    ""role"": ""CEO"",
    ""transaction_type"": ""S - Sale"",
    ""shares"": 5000,
    ""price_per_share"": 100.50,
    ""total_value"":"
NVDA,2025-05-20,Colette Kress,S - Sale+OE,4000.0,120.0,480000.0,"```json
[
  {
    ""date"": ""2024-11-15"",
    ""insider_name"": ""Jensen Huang"",
    ""role"": ""CEO"",
    ""transaction_type"": ""S - Sale"",
    ""shares"": 5000,
    ""price_per_share"": 100.50,
    ""total_value"":"
ORCL,2024-11-15,Larry Ellison,S - Sale,100000.0,120.5,12050000.0,"```json
[
  {
    ""date"": ""2024-11-15"",
    ""insider_name"": ""Larry Ellison"",
    ""role"": ""Chairman of the Board"",
    ""transaction_type"": ""S - Sale"",
    ""shares"": 100000,
    ""price_per_share"": 120.5"
ORCL,2024-12-01,Safra Catz,P - Purchase,5000.0,118.75,593750.0,"```json
[
  {
    ""date"": ""2024-11-15"",
    ""insider_name"": ""Larry Ellison"",
    ""role"": ""Chairman of the Board"",
    ""transaction_type"": ""S - Sale"",
    ""shares"": 100000,
    ""price_per_share"": 120.5"
ORCL,2025-01-10,Mark Hurd,S - Sale,20000.0,125.25,2505000.0,"```json
[
  {
    ""date"": ""2024-11-15"",
    ""insider_name"": ""Larry Ellison"",
    ""role"": ""Chairman of the Board"",
    ""transaction_type"": ""S - Sale"",
    ""shares"": 100000,
    ""price_per_share"": 120.5"
ORCL,2025-02-20,Jeff Henley,S - Sale+OE,30000.0,130.0,3900000.0,"```json
[
  {
    ""date"": ""2024-11-15"",
    ""insider_name"": ""Larry Ellison"",
    ""role"": ""Chairman of the Board"",
    ""transaction_type"": ""S - Sale"",
    ""shares"": 100000,
    ""price_per_share"": 120.5"
ORCL,2025-03-15,Larry Ellison,P - Purchase,75000.0,128.5,9637500.0,"```json
[
  {
    ""date"": ""2024-11-15"",
    ""insider_name"": ""Larry Ellison"",
    ""role"": ""Chairman of the Board"",
    ""transaction_type"": ""S - Sale"",
    ""shares"": 100000,
    ""price_per_share"": 120.5"
ORCL,2025-04-05,Safra Catz,S - Sale,15000.0,132.0,1980000.0,"```json
[
  {
    ""date"": ""2024-11-15"",
    ""insider_name"": ""Larry Ellison"",
    ""role"": ""Chairman of the Board"",
    ""transaction_type"": ""S - Sale"",
    ""shares"": 100000,
    ""price_per_share"": 120.5"
ORCL,2025-05-20,Mark Hurd,S - Sale+OE,25000.0,135.75,3393750.0,"```json
[
  {
    ""date"": ""2024-11-15"",
    ""insider_name"": ""Larry Ellison"",
    ""role"": ""Chairman of the Board"",
    ""transaction_type"": ""S - Sale"",
    ""shares"": 100000,
    ""price_per_share"": 120.5"
PLTR,2024-11-15,Alex Karp,S - Sale,10000.0,25.5,255000.0,"```json
[
  {
    ""date"": ""2024-11-15"",
    ""insider_name"": ""Alex Karp"",
    ""role"": ""Director"",
    ""transaction_type"": ""S - Sale"",
    ""shares"": 10000,
    ""price_per_share"": 25.50,
    ""total_value"
PLTR,2024-12-01,Shyam Sankar,P - Purchase,5000.0,24.75,123750.0,"```json
[
  {
    ""date"": ""2024-11-15"",
    ""insider_name"": ""Alex Karp"",
    ""role"": ""Director"",
    ""transaction_type"": ""S - Sale"",
    ""shares"": 10000,
    ""price_per_share"": 25.50,
    ""total_value"
PLTR,2025-01-10,Stephen Cohen,S - Sale+OE,15000.0,26.2,393000.0,"```json
[
  {
    ""date"": ""2024-11-15"",
    ""insider_name"": ""Alex Karp"",
    ""role"": ""Director"",
    ""transaction_type"": ""S - Sale"",
    ""shares"": 10000,
    ""price_per_share"": 25.50,
    ""total_value"
PLTR,2025-02-20,Jeffrey H. Wilke,P - Purchase,8000.0,27.1,216800.0,"```json
[
  {
    ""date"": ""2024-11-15"",
    ""insider_name"": ""Alex Karp"",
    ""role"": ""Director"",
    ""transaction_type"": ""S - Sale"",
    ""shares"": 10000,
    ""price_per_share"": 25.50,
    ""total_value"
PLTR,2025-03-15,Alex Karp,S - Sale,12000.0,28.5,342000.0,"```json
[
  {
    ""date"": ""2024-11-15"",
    ""insider_name"": ""Alex Karp"",
    ""role"": ""Director"",
    ""transaction_type"": ""S - Sale"",
    ""shares"": 10000,
    ""price_per_share"": 25.50,
    ""total_value"
PLTR,2025-04-05,Shyam Sankar,S - Sale+OE,7000.0,29.3,205100.0,"```json
[
  {
    ""date"": ""2024-11-15"",
    ""insider_name"": ""Alex Karp"",
    ""role"": ""Director"",
    ""transaction_type"": ""S - Sale"",
    ""shares"": 10000,
    ""price_per_share"": 25.50,
    ""total_value"
PLTR,2025-05-22,Stephen Cohen,P - Purchase,6000.0,30.0,180000.0,"```json
[
  {
    ""date"": ""2024-11-15"",
    ""insider_name"": ""Alex Karp"",
    ""role"": ""Director"",
    ""transaction_type"": ""S - Sale"",
    ""shares"": 10000,
    ""price_per_share"": 25.50,
    ""total_value"
PYPL,2024-11-15,John Doe,S - Sale,1000.0,50.25,50250.0,"```json
[
  {
    ""date"": ""2024-11-15"",
    ""insider_name"": ""John Doe"",
    ""role"": ""Director"",
    ""transaction_type"": ""S - Sale"",
    ""shares"": 1000,
    ""price_per_share"": 50.25,
    ""total_value"":"
PYPL,2024-12-01,Jane Smith,P - Purchase,500.0,48.75,24375.0,"```json
[
  {
    ""date"": ""2024-11-15"",
    ""insider_name"": ""John Doe"",
    ""role"": ""Director"",
    ""transaction_type"": ""S - Sale"",
    ""shares"": 1000,
    ""price_per_share"": 50.25,
    ""total_value"":"
PYPL,2025-01-10,Robert Johnson,S - Sale+OE,2000.0,52.5,105000.0,"```json
[
  {
    ""date"": ""2024-11-15"",
    ""insider_name"": ""John Doe"",
    ""role"": ""Director"",
    ""transaction_type"": ""S - Sale"",
    ""shares"": 1000,
    ""price_per_share"": 50.25,
    ""total_value"":"
PYPL,2025-02-20,Emily Davis,P - Purchase,750.0,51.0,38250.0,"```json
[
  {
    ""date"": ""2024-11-15"",
    ""insider_name"": ""John Doe"",
    ""role"": ""Director"",
    ""transaction_type"": ""S - Sale"",
    ""shares"": 1000,
    ""price_per_share"": 50.25,
    ""total_value"":"
PYPL,2025-03-15,Michael Brown,S - Sale,1500.0,53.25,79875.0,"```json
[
  {
    ""date"": ""2024-11-15"",
    ""insider_name"": ""John Doe"",
    ""role"": ""Director"",
    ""transaction_type"": ""S - Sale"",
    ""shares"": 1000,
    ""price_per_share"": 50.25,
    ""total_value"":"
PYPL,2025-04-05,Sarah Wilson,S - Sale+OE,1200.0,54.0,64800.0,"```json
[
  {
    ""date"": ""2024-11-15"",
    ""insider_name"": ""John Doe"",
    ""role"": ""Director"",
    ""transaction_type"": ""S - Sale"",
    ""shares"": 1000,
    ""price_per_share"": 50.25,
    ""total_value"":"
PYPL,2025-05-22,David Lee,P - Purchase,1000.0,55.5,55500.0,"```json
[
  {
    ""date"": ""2024-11-15"",
    ""insider_name"": ""John Doe"",
    ""role"": ""Director"",
    ""transaction_type"": ""S - Sale"",
    ""shares"": 1000,
    ""price_per_share"": 50.25,
    ""total_value"":"
TSLA,2024-11-15,Elon Musk,S - Sale,1000000.0,250.0,250000000.0,"```json
[
  {
    ""date"": ""2024-11-15"",
    ""insider_name"": ""Elon Musk"",
    ""role"": ""CEO"",
    ""transaction_type"": ""S - Sale"",
    ""shares"": 1000000,
    ""price_per_share"": 250.00,
    ""total_value"":"
TSLA,2024-12-01,Zachary Kirkhorn,P - Purchase,5000.0,245.5,1227500.0,"```json
[
  {
    ""date"": ""2024-11-15"",
    ""insider_name"": ""Elon Musk"",
    ""role"": ""CEO"",
    ""transaction_type"": ""S - Sale"",
    ""shares"": 1000000,
    ""price_per_share"": 250.00,
    ""total_value"":"
TSLA,2025-01-10,Elon Musk,S - Sale+OE,2000000.0,260.75,521500000.0,"```json
[
  {
    ""date"": ""2024-11-15"",
    ""insider_name"": ""Elon Musk"",
    ""role"": ""CEO"",
    ""transaction_type"": ""S - Sale"",
    ""shares"": 1000000,
    ""price_per_share"": 250.00,
    ""total_value"":"
TSLA,2025-02-20,Robyn Denholm,S - Sale,15000.0,270.25,4053750.0,"```json
[
  {
    ""date"": ""2024-11-15"",
    ""insider_name"": ""Elon Musk"",
    ""role"": ""CEO"",
    ""transaction_type"": ""S - Sale"",
    ""shares"": 1000000,
    ""price_per_share"": 250.00,
    ""total_value"":"
TSLA,2025-03-15,Elon Musk,P - Purchase,500000.0,280.0,140000000.0,"```json
[
  {
    ""date"": ""2024-11-15"",
    ""insider_name"": ""Elon Musk"",
    ""role"": ""CEO"",
    ""transaction_type"": ""S - Sale"",
    ""shares"": 1000000,
    ""price_per_share"": 250.00,
    ""total_value"":"
TSLA,2025-04-05,Andrew Baglino,S - Sale,10000.0,290.5,2905000.0,"```json
[
  {
    ""date"": ""2024-11-15"",
    ""insider_name"": ""Elon Musk"",
    ""role"": ""CEO"",
    ""transaction_type"": ""S - Sale"",
    ""shares"": 1000000,
    ""price_per_share"": 250.00,
    ""total_value"":"
TSLA,2025-05-20,Elon Musk,S - Sale+OE,3000000.0,300.25,900750000.0,"```json
[
  {
    ""date"": ""2024-11-15"",
    ""insider_name"": ""Elon Musk"",
    ""role"": ""CEO"",
    ""transaction_type"": ""S - Sale"",
    ""shares"": 1000000,
    ""price_per_share"": 250.00,
    ""total_value"":"
TXN,2024-11-15,Richard K. Templeton,S - Sale,10000.0,180.5,1805000.0,"```json
[
  {
    ""date"": ""2024-11-15"",
    ""insider_name"": ""Richard K. Templeton"",
    ""role"": ""Chairman, President and CEO"",
    ""transaction_type"": ""S - Sale"",
    ""shares"": 10000,
    ""price_per_s"
TXN,2024-12-01,Rafael Lizardi,P - Purchase,5000.0,175.25,876250.0,"```json
[
  {
    ""date"": ""2024-11-15"",
    ""insider_name"": ""Richard K. Templeton"",
    ""role"": ""Chairman, President and CEO"",
    ""transaction_type"": ""S - Sale"",
    ""shares"": 10000,
    ""price_per_s"
TXN,2025-01-10,Kevin T. March,S - Sale+OE,15000.0,185.75,2786250.0,"```json
[
  {
    ""date"": ""2024-11-15"",
    ""insider_name"": ""Richard K. Templeton"",
    ""role"": ""Chairman, President and CEO"",
    ""transaction_type"": ""S - Sale"",
    ""shares"": 10000,
    ""price_per_s"
TXN,2025-02-20,Susan L. Blount,S - Sale,7500.0,190.0,1425000.0,"```json
[
  {
    ""date"": ""2024-11-15"",
    ""insider_name"": ""Richard K. Templeton"",
    ""role"": ""Chairman, President and CEO"",
    ""transaction_type"": ""S - Sale"",
    ""shares"": 10000,
    ""price_per_s"
TXN,2025-03-15,Brian Crutcher,P - Purchase,3000.0,195.5,586500.0,"```json
[
  {
    ""date"": ""2024-11-15"",
    ""insider_name"": ""Richard K. Templeton"",
    ""role"": ""Chairman, President and CEO"",
    ""transaction_type"": ""S - Sale"",
    ""shares"": 10000,
    ""price_per_s"
TXN,2025-04-05,Richard K. Templeton,S - Sale+OE,20000.0,200.25,4005000.0,"```json
[
  {
    ""date"": ""2024-11-15"",
    ""insider_name"": ""Richard K. Templeton"",
    ""role"": ""Chairman, President and CEO"",
    ""transaction_type"": ""S - Sale"",
    ""shares"": 10000,
    ""price_per_s"
TXN,2025-05-20,Rafael Lizardi,S - Sale,10000.0,205.0,2050000.0,"```json
[
  {
    ""date"": ""2024-11-15"",
    ""insider_name"": ""Richard K. Templeton"",
    ""role"": ""Chairman, President and CEO"",
    ""transaction_type"": ""S - Sale"",
    ""shares"": 10000,
    ""price_per_s"
VZ,2024-11-15,Hans Vestberg,S - Sale,10000.0,45.23,452300.0,"```json
[
  {
    ""date"": ""2024-11-15"",
    ""insider_name"": ""Hans Vestberg"",
    ""role"": ""Chairman, CEO"",
    ""transaction_type"": ""S - Sale"",
    ""shares"": 10000,
    ""price_per_share"": 45.23,
    ""to"
VZ,2024-12-01,Matthew D. Ellis,P - Purchase,5000.0,44.89,224450.0,"```json
[
  {
    ""date"": ""2024-11-15"",
    ""insider_name"": ""Hans Vestberg"",
    ""role"": ""Chairman, CEO"",
    ""transaction_type"": ""S - Sale"",
    ""shares"": 10000,
    ""price_per_share"": 45.23,
    ""to"
VZ,2025-01-10,Rona W. Fairhead,S - Sale+OE,7500.0,46.12,345900.0,"```json
[
  {
    ""date"": ""2024-11-15"",
    ""insider_name"": ""Hans Vestberg"",
    ""role"": ""Chairman, CEO"",
    ""transaction_type"": ""S - Sale"",
    ""shares"": 10000,
    ""price_per_share"": 45.23,
    ""to"
VZ,2025-02-20,Craig S. Silliman,S - Sale,12000.0,47.34,568080.0,"```json
[
  {
    ""date"": ""2024-11-15"",
    ""insider_name"": ""Hans Vestberg"",
    ""role"": ""Chairman, CEO"",
    ""transaction_type"": ""S - Sale"",
    ""shares"": 10000,
    ""price_per_share"": 45.23,
    ""to"
VZ,2025-03-15,Hans Vestberg,P - Purchase,8000.0,48.21,385680.0,"```json
[
  {
    ""date"": ""2024-11-15"",
    ""insider_name"": ""Hans Vestberg"",
    ""role"": ""Chairman, CEO"",
    ""transaction_type"": ""S - Sale"",
    ""shares"": 10000,
    ""price_per_share"": 45.23,
    ""to"
VZ,2025-04-05,Matthew D. Ellis,S - Sale+OE,6000.0,49.1,294600.0,"```json
[
  {
    ""date"": ""2024-11-15"",
    ""insider_name"": ""Hans Vestberg"",
    ""role"": ""Chairman, CEO"",
    ""transaction_type"": ""S - Sale"",
    ""shares"": 10000,
    ""price_per_share"": 45.23,
    ""to"
VZ,2025-05-22,Rona W. Fairhead,S - Sale,9000.0,50.32,452880.0,"```json
[
  {
    ""date"": ""2024-11-15"",
    ""insider_name"": ""Hans Vestberg"",
    ""role"": ""Chairman, CEO"",
    ""transaction_type"": ""S - Sale"",
    ""shares"": 10000,
    ""price_per_share"": 45.23,
    ""to"
