X;Filing Date;Trade Date;Ticker;Company Name;Insider Name;Title;Trade Type;Price;Qty;Owned;ΔOwn;Value;1d;1w;1m;6m
;19.11.2024 18:30;18.11.2024;AAPL;Apple Inc.;Kondo Chris;Principal Accounting Officer;S - Sale;$228.87;-4,13;15,419;-21%;-$945,233;;;;
M;19.11.2024 18:31;15.11.2024;AAPL;Apple Inc.;Levinson Arthur D;Dir;S - Sale;$227.32;-200;4,215,576;-5%;-$45,464,500;;;;
;18.12.2024 18:30;16.12.2024;AAPL;Apple Inc.;Williams Jeffrey E;COO;S - Sale;$249.97;-100;389,944;-20%;-$24,997,395;;;;
D;04.02.2025 18:33;03.02.2025;AAPL;Apple Inc.;Levinson Arthur D;Dir;S - Sale+OE;$226.35;-1,516;4,215,576;0%;-$343,147;;;;
D;03.04.2025 18:31;02.04.2025;AAPL;Apple Inc.;Adams Katherine L.;SVP, GC, Secretary;S - Sale+OE;$223.67;-38,822;179,158;-18%;-$8,683,252;;;;
D;03.04.2025 18:32;02.04.2025;AAPL;Apple Inc.;Cook Timothy D;CEO;S - Sale+OE;$223.65;-108,136;3,280,295;-3%;-$24,184,659;;;;
D;03.04.2025 18:33;02.04.2025;AAPL;Apple Inc.;Williams Jeffrey E;COO;S - Sale+OE;$224.01;-35,493;390,059;-8%;-$7,950,691;;;;
;25.04.2025 18:30;23.04.2025;AAPL;Apple Inc.;Parekh Kevan;SVP, CFO;S - Sale;$206.00;-4,57;4,569;-50%;-$941,420;;;;
;14.05.2025 18:30;12.05.2025;AAPL;Apple Inc.;Kondo Chris;Principal Accounting Officer;S - Sale;$208.19;-4,486;15,533;-22%;-$933,955;;;;
;10.12.2024 16:01;06.12.2024;ADBE;Adobe Inc.;Banse Amy;Dir;S - Sale;$550.00;-606;32,984;-2%;-$333,300;;;;
DM;28.01.2025 16:58;24.01.2025;ADBE;Adobe Inc.;Belsky Scott;Chief Strategy Officer, EVP;S - Sale+OE;$431.61;-4,741;18,334;-21%;-$2,046,259;;;;
D;28.01.2025 16:58;28.01.2025;ADBE;Adobe Inc.;Forusz Jillian;SVP, CAO;S - Sale+OE;$435.83;-334;2,685;-11%;-$145,567;;;;
;30.01.2025 19:45;28.01.2025;ADBE;Adobe Inc.;Ricks David A;Dir;P - Purchase;$443.98;2,25;8,897;34%;+$998,946;;;;
;21.03.2025 16:34;20.03.2025;ADBE;Adobe Inc.;Durn Daniel;EVP, CFO;P - Purchase;$390.58;1,3;29,876;5%;+$507,758;;;;
;06.05.2025 16:14;02.05.2025;ADBE;Adobe Inc.;Forusz Jillian;SVP, CAO;S - Sale;$380.58;-462;2,834;-14%;-$175,828;;;;
;04.11.2024 16:49;01.11.2024;ADI;Analog Devices Inc;Bryant Gregory M;EVP, Pres Global Bus. Units;S - Sale;$223.87;-20;59,093;-25%;-$4,477,400;;;;
D;05.11.2024 17:00;01.11.2024;ADI;Analog Devices Inc;Roche Vincent;Chair, CEO;S - Sale+OE;$223.87;-10;100,326;-9%;-$2,238,700;;;;
D;12.12.2024 17:27;11.12.2024;ADI;Analog Devices Inc;Roche Vincent;Chair, CEO;S - Sale+OE;$215.83;-10;100,326;-9%;-$2,158,300;;;;
D;03.01.2025 17:09;02.01.2025;ADI;Analog Devices Inc;Roche Vincent;Chair, CEO;S - Sale+OE;$215.49;-10;100,326;-9%;-$2,154,900;;;;
D;27.02.2025 16:22;26.02.2025;ADI;Analog Devices Inc;Roche Vincent;Chair, CEO;S - Sale+OE;$234.82;-10;100,326;-9%;-$2,348,200;;;;
;06.03.2025 16:28;05.03.2025;ADI;Analog Devices Inc;Johnson Mercedes;Dir;S - Sale;$227.12;-6;1,836;-77%;-$1,362,720;;;;
D;06.03.2025 16:26;05.03.2025;ADI;Analog Devices Inc;Stata Ray;Dir;S - Sale+OE;$224.52;-2,093;839,302;0%;-$469,920;;;;
;12.03.2025 16:29;11.03.2025;ADI;Analog Devices Inc;Roche Vincent;Chair, CEO;S - Sale;$210.44;-10;153,261;-6%;-$2,104,428;;;;
;13.03.2025 16:12;12.03.2025;ADI;Analog Devices Inc;Roche Vincent;Chair, CEO;S - Sale;$209.12;-10;143,261;-7%;-$2,091,237;;;;
;20.03.2025 16:44;19.03.2025;ADI;Analog Devices Inc;Puccio Richard C Jr;EVP, CFO;S - Sale;$209.19;-4;49,916;-7%;-$836,760;;;;
D;05.03.2025 16:29;03.03.2025;ADI;Analog Devices Inc;Roche Vincent;Chair, CEO;S - Sale+OE;$232.62;-10;100,326;-9%;-$2,326,200;;;;
;26.03.2025 16:32;24.03.2025;ADI;Analog Devices Inc;Jain Vivek;EVP, Global Operations;S - Sale;$210.00;-12,684;43,175;-23%;-$2,663,640;;;;
D;02.04.2025 16:26;01.04.2025;ADI;Analog Devices Inc;Roche Vincent;Chair, CEO;S - Sale+OE;$200.26;-10;186,255;-5%;-$2,002,600;;;;
M;17.04.2025 18:45;15.04.2025;ADI;Analog Devices Inc;Stata Ray;Dir;S - Sale;$177.49;-6,25;835,417;-1%;-$1,109,327;;;;
D;02.05.2025 16:18;01.05.2025;ADI;Analog Devices Inc;Roche Vincent;Chair, CEO;S - Sale+OE;$196.84;-10;221,339;-4%;-$1,968,400;;;;
M;08.05.2025 16:25;06.05.2025;ADI;Analog Devices Inc;Stata Ray;Dir;S - Sale;$196.86;-6,25;829,167;-1%;-$1,230,365;;;;
D;08.11.2024 16:15;06.11.2024;ADP;Automatic Data Processing Inc;Kutam Sreenivasa;Corp VP;S - Sale+OE;$300.00;-38,975;32,604;-54%;-$11,692,500;;;;
;03.01.2025 17:15;02.01.2025;ADP;Automatic Data Processing Inc;Michaud Brian L.;Corp VP;S - Sale;$293.83;-362;13,706;-3%;-$106,366;;;;
D;06.01.2025 17:00;02.01.2025;ADP;Automatic Data Processing Inc;Kwon David;Corp VP;S - Sale+OE;$293.83;-1,946;9,369;-17%;-$571,793;;;;
D;06.01.2025 17:00;02.01.2025;ADP;Automatic Data Processing Inc;McGuire Don;Corp VP;S - Sale+OE;$293.83;-8,664;22,129;-28%;-$2,545,743;;;;
D;06.01.2025 17:00;02.01.2025;ADP;Automatic Data Processing Inc;Lehberger Jonathan S;Corp. VP;S - Sale+OE;$293.83;-2,479;5,387;-32%;-$728,405;;;;
;06.01.2025 16:59;03.01.2025;ADP;Automatic Data Processing Inc;Black Maria;Pres, CEO;S - Sale;$291.59;-721;68,856;-1%;-$210,233;;;;
D;06.01.2025 17:00;03.01.2025;ADP;Automatic Data Processing Inc;Ayala John;Corp. VP;S - Sale+OE;$290.73;-10,72;17,971;-37%;-$3,116,626;;;;
D;06.01.2025 17:00;02.01.2025;ADP;Automatic Data Processing Inc;Desilva Joseph;Corp VP;S - Sale+OE;$293.83;-6,516;18,051;-27%;-$1,914,596;;;;
D;07.01.2025 16:23;06.01.2025;ADP;Automatic Data Processing Inc;Foskett David;Corp. VP;S - Sale+OE;$289.29;-1,004;5,958;-14%;-$290,443;;;;
DM;07.01.2025 16:23;03.01.2025;ADP;Automatic Data Processing Inc;Kwon David;Corp VP;S - Sale+OE;$290.37;-1,316;9,02;-13%;-$382,127;;;;
D;08.01.2025 17:01;06.01.2025;ADP;Automatic Data Processing Inc;Magliulo Virginia;Corp VP;S - Sale+OE;$289.15;-2,065;11,017;-16%;-$597,095;;;;
D;14.01.2025 16:07;13.01.2025;ADP;Automatic Data Processing Inc;Foskett David;Corp. VP;S - Sale+OE;$286.15;-1,067;6,14;-15%;-$305,322;;;;
D;15.01.2025 17:06;13.01.2025;ADP;Automatic Data Processing Inc;Magliulo Virginia;Corp VP;S - Sale+OE;$285.50;-3,578;9,141;-28%;-$1,021,519;;;;
;04.02.2025 16:34;03.02.2025;ADP;Automatic Data Processing Inc;Lehberger Jonathan S;Corp. VP;S - Sale;$303.30;-2,324;3,063;-43%;-$704,869;;;;
D;04.02.2025 16:33;03.02.2025;ADP;Automatic Data Processing Inc;Bonarti Michael A;Corporate VP;S - Sale+OE;$303.30;-30,131;80,272;-27%;-$9,138,732;;;;
D;12.02.2025 16:10;10.02.2025;ADP;Automatic Data Processing Inc;D'Ambrosio Christopher;Corp. VP;S - Sale+OE;$308.24;-471;7,118;-6%;-$145,181;;;;
D;12.03.2025 16:02;10.03.2025;ADP;Automatic Data Processing Inc;D'Ambrosio Christopher;Corp. VP;S - Sale+OE;$306.20;-473;7,244;-6%;-$144,833;;;;
;02.04.2025 16:06;01.04.2025;ADP;Automatic Data Processing Inc;Michaud Brian L.;Corp VP;S - Sale;$305.38;-1,5;12,073;-11%;-$458,070;;;;
D;14.04.2025 16:04;10.04.2025;ADP;Automatic Data Processing Inc;D'Ambrosio Christopher;Corp. VP;S - Sale+OE;$293.14;-478;7,364;-6%;-$140,121;;;;
D;14.05.2025 16:02;12.05.2025;ADP;Automatic Data Processing Inc;D'Ambrosio Christopher;Corp. VP;S - Sale+OE;$311.82;-472;7,491;-6%;-$147,179;;;;
;25.02.2025 18:03;24.02.2025;AMAT;Applied Materials Inc /de;Sanders Adam;Corp. Controller, CAO;S - Sale;$172.73;-271;6,479;-4%;-$46,808;;;;
;03.04.2025 18:14;01.04.2025;AMAT;Applied Materials Inc /De;Sanders Adam;Corp. Controller, CAO;S - Sale;$144.83;-450;5,862;-7%;-$65,174;;;;
;07.04.2025 18:09;03.04.2025;AMAT;Applied Materials Inc /De;Dickerson Gary E;Pres, CEO;P - Purchase;$137.30;50;1,716,058;3%;+$6,865,082;;;;
;05.11.2024 16:31;01.11.2024;AMZN;Amazon Com Inc;Bezos Jeffrey P;Exec Chair, 10%;S - Sale;$200.07;-1,068,452;926,406,062;0%;-$213,760,597;;;;
;05.11.2024 16:39;01.11.2024;AMZN;Amazon Com Inc;Herrington Douglas J;CEO Worldwide Amazon Stores;S - Sale;$198.96;-3,5;517,242;-1%;-$696,360;;;;
;05.11.2024 16:44;01.11.2024;AMZN;Amazon Com Inc;Rubinstein Jonathan;Dir;S - Sale;$199.85;-5,004;99,396;-5%;-$1,000,049;;;;
;06.11.2024 16:51;04.11.2024;AMZN;Amazon Com Inc;Alexander Keith Brian;Dir;S - Sale;$196.37;-900;3,86;-19%;-$176,733;;;;
M;08.11.2024 16:47;06.11.2024;AMZN;Amazon Com Inc;Bezos Jeffrey P;Exec Chair, 10%;S - Sale;$205.48;-5,992,724;920,413,338;-1%;-$1,231,381,630;;;;
M;12.11.2024 16:24;08.11.2024;AMZN;Amazon Com Inc;Bezos Jeffrey P;Exec Chair, 10%;S - Sale;$207.80;-5,992,724;914,420,614;-1%;-$1,245,279,944;;;;
;12.11.2024 16:30;07.11.2024;AMZN;Amazon Com Inc;Rubinstein Jonathan;Dir;S - Sale;$209.85;-4,766;94,63;-5%;-$1,000,145;;;;
M;14.11.2024 16:27;12.11.2024;AMZN;Amazon Com Inc;Bezos Jeffrey P;Exec Chair;S - Sale;$207.99;-3,300,720;911,119,894;0%;-$686,521,413;;;;
D;19.11.2024 18:51;19.11.2024;AMZN;Amazon Com Inc;Huttenlocher Daniel P;Dir;S - Sale+OE;$199.06;-1,237;24,912;-5%;-$246,237;;;;
D;19.11.2024 19:21;15.11.2024;AMZN;Amazon Com Inc;Herrington Douglas J;CEO Worldwide Amazon Stores;S - Sale+OE;$205.81;-5,502;525,493;-1%;-$1,132,355;;;;
;25.11.2024 16:09;21.11.2024;AMZN;Amazon Com Inc;Garman Matthew S;CEO Amazon Web Services;S - Sale;$200.19;-15,26;350,149;-4%;-$3,054,828;;;;
D;25.11.2024 16:18;21.11.2024;AMZN;Amazon Com Inc;Reynolds Shelley;VP;S - Sale+OE;$200.24;-3,791;125,798;-3%;-$759,090;;;;
D;25.11.2024 16:26;21.11.2024;AMZN;Amazon Com Inc;Zapolsky David;SVP;S - Sale+OE;$200.23;-11,68;60,39;-16%;-$2,338,661;;;;
D;25.11.2024 16:32;21.11.2024;AMZN;Amazon Com Inc;Olsavsky Brian T;SVP, CFO;S - Sale+OE;$202.88;-14,6;50,562;-22%;-$2,962,048;;;;
D;25.11.2024 16:39;21.11.2024;AMZN;Amazon Com Inc;Herrington Douglas J;CEO Worldwide Amazon Stores;S - Sale+OE;$200.20;-6,104;534,649;-1%;-$1,221,989;;;;
D;25.11.2024 16:48;21.11.2024;AMZN;Amazon Com Inc;Jassy Andrew R;Pres, CEO;S - Sale+OE;$200.17;-20,784;2,163,110;-1%;-$4,160,373;;;;
;04.12.2024 17:41;02.12.2024;AMZN;Amazon Com Inc;Herrington Douglas J;CEO Worldwide Amazon Stores;S - Sale;$210.00;-3,5;531,149;-1%;-$735,000;;;;
;06.12.2024 16:53;04.12.2024;AMZN;Amazon Com Inc;Rubinstein Jonathan;Dir;S - Sale;$219.85;-4,549;92,554;-5%;-$1,000,098;;;;
;11.12.2024 17:10;09.12.2024;AMZN;Amazon Com Inc;Rubinstein Jonathan;Dir;S - Sale;$229.85;-4,351;88,203;-5%;-$1,000,077;;;;
;14.02.2025 16:33;12.02.2025;AMZN;Amazon Com Inc;Herrington Douglas J;CEO Worldwide Amazon Stores;S - Sale;$230.27;-27,5;503,65;-5%;-$6,332,368;;;;
D;19.02.2025 16:46;18.02.2025;AMZN;Amazon Com Inc;Herrington Douglas J;CEO Worldwide Amazon Stores;S - Sale+OE;$228.44;-5,501;511,901;-1%;-$1,256,672;;;;
;25.02.2025 17:33;21.02.2025;AMZN;Amazon Com Inc;Garman Matthew S;CEO Amazon Web Services;S - Sale;$220.69;-15,24;334,909;-4%;-$3,363,292;;;;
D;25.02.2025 17:41;21.02.2025;AMZN;Amazon Com Inc;Reynolds Shelley;VP;S - Sale+OE;$222.47;-8,833;122,436;-7%;-$1,965,107;;;;
DM;25.02.2025 17:49;21.02.2025;AMZN;Amazon Com Inc;Zapolsky David;SVP;S - Sale+OE;$218.25;-25,06;49,95;-33%;-$5,469,364;;;;
D;25.02.2025 17:57;21.02.2025;AMZN;Amazon Com Inc;Olsavsky Brian T;SVP, CFO;S - Sale+OE;$223.14;-14,62;50,564;-22%;-$3,262,307;;;;
D;25.02.2025 18:04;21.02.2025;AMZN;Amazon Com Inc;Herrington Douglas J;CEO Worldwide Amazon Stores;S - Sale+OE;$222.47;-6,104;521,057;-1%;-$1,357,967;;;;
D;25.02.2025 18:12;21.02.2025;AMZN;Amazon Com Inc;Jassy Andrew R;Pres, CEO;S - Sale+OE;$220.65;-20,784;2,194,288;-1%;-$4,586,006;;;;
;05.03.2025 16:38;03.03.2025;AMZN;Amazon Com Inc;Herrington Douglas J;CEO Worldwide Amazon Stores;S - Sale;$213.17;-2,5;518,557;0%;-$532,925;;;;
;03.04.2025 17:16;01.04.2025;AMZN;Amazon Com Inc;Herrington Douglas J;CEO Worldwide Amazon Stores;S - Sale;$187.99;-2,5;516,062;0%;-$469,975;;;;
;05.05.2025 18:15;01.05.2025;AMZN;Amazon Com Inc;Herrington Douglas J;CEO Worldwide Amazon Stores;S - Sale;$190.67;-2,5;513,563;0%;-$476,675;;;;
;14.05.2025 17:13;12.05.2025;AMZN;Amazon Com Inc;Alexander Keith Brian;Dir;S - Sale;$210.68;-1;5,465;-15%;-$210,680;;;;
D;19.05.2025 18:33;15.05.2025;AMZN;Amazon Com Inc;Herrington Douglas J;CEO Worldwide Amazon Stores;S - Sale+OE;$205.05;-4,784;520,741;-1%;-$980,971;;;;
D;23.05.2025 17:08;21.05.2025;AMZN;Amazon Com Inc;Reynolds Shelley;VP;S - Sale+OE;$200.79;-2,695;122,436;-2%;-$541,129;;;;
D;23.05.2025 17:35;21.05.2025;AMZN;Amazon Com Inc;Olsavsky Brian T;SVP, CFO;S - Sale+OE;$201.57;-17,75;50,591;-26%;-$3,577,868;;;;
DM;23.05.2025 17:43;21.05.2025;AMZN;Amazon Com Inc;Zapolsky David;SVP;S - Sale+OE;$202.01;-20,67;47,03;-31%;-$4,175,442;;;;
D;23.05.2025 17:52;21.05.2025;AMZN;Amazon Com Inc;Garman Matthew S;CEO Amazon Web Services;S - Sale+OE;$201.30;-20,923;888;-96%;-$4,211,791;;;;
D;23.05.2025 17:59;21.05.2025;AMZN;Amazon Com Inc;Jassy Andrew R;Pres, CEO;S - Sale+OE;$201.30;-19,872;2,224,102;-1%;-$4,000,320;;;;
D;23.05.2025 18:40;21.05.2025;AMZN;Amazon Com Inc;Herrington Douglas J;CEO Worldwide Amazon Stores;S - Sale+OE;$200.77;-6,843;526,141;-1%;-$1,373,851;;;;
D;05.11.2024 18:18;01.11.2024;ANET;Arista Networks, Inc.;Taxay Marc;SVP, GC;S - Sale+OE;$387.33;-624;0;-100%;-$241,694;;;;
D;05.11.2024 18:18;01.11.2024;ANET;Arista Networks, Inc.;McCool John F;Chief Platform Officer;S - Sale+OE;$387.33;-584;72;-89%;-$226,201;;;;
;05.11.2024 18:18;01.11.2024;ANET;Arista Networks, Inc.;Giancarlo Charles H;Dir;S - Sale;$393.18;-2;99,221;-2%;-$786,367;;;;
D;06.11.2024 18:26;04.11.2024;ANET;Arista Networks, Inc.;Ullal Jayshree;Pres, CEO;S - Sale+OE;$397.39;-832;9,586,773;0%;-$330,626;;;;
;08.11.2024 18:40;06.11.2024;ANET;Arista Networks, Inc.;Duda Kenneth;CTO, SVP Software Eng.;S - Sale;$420.36;-40;719,606;-5%;-$16,814,327;;;;
;25.11.2024 19:19;21.11.2024;ANET;Arista Networks, Inc.;McCool John F;Chief Platform Officer;S - Sale;$394.33;-1,585;72;-96%;-$625,009;;;;
;25.11.2024 19:19;21.11.2024;ANET;Arista Networks, Inc.;Ullal Jayshree;Pres, CEO;S - Sale;$400.22;-17,759;9,586,773;0%;-$7,107,556;;;;
;04.12.2024 19:04;02.12.2024;ANET;Arista Networks, Inc.;Taxay Marc;SVP, GC;S - Sale;$412.14;-2,66;0;-100%;-$1,096,293;;;;
;04.12.2024 19:04;02.12.2024;ANET;Arista Networks, Inc.;Giancarlo Charles H;Dir;S - Sale;$412.65;-2;97,433;-2%;-$825,303;;;;
D;10.12.2024 19:09;06.12.2024;ANET;Arista Networks, Inc.;Duda Kenneth;CTO, SVP Software Eng.;S - Sale+OE;$108.29;-160;3,722,908;-4%;-$17,326,175;;;;
;11.12.2024 19:20;09.12.2024;ANET;Arista Networks, Inc.;McCool John F;Chief Platform Officer;S - Sale;$108.70;-288;0;-100%;-$31,306;;;;
;06.01.2025 19:36;02.01.2025;ANET;Arista Networks, Inc.;Giancarlo Charles H;Dir;S - Sale;$111.51;-8;381,732;-2%;-$892,090;;;;
D;08.01.2025 19:30;06.01.2025;ANET;Arista Networks, Inc.;Duda Kenneth;CTO, SVP Software Eng.;S - Sale+OE;$118.47;-160;3,642,908;-4%;-$18,955,756;;;;
;23.01.2025 19:08;21.01.2025;ANET;Arista Networks, Inc.;Wassenaar Yvonne;Dir;S - Sale;$121.02;-168;13,428;-1%;-$20,331;;;;
;05.02.2025 19:08;03.02.2025;ANET;Arista Networks, Inc.;Giancarlo Charles H;Dir;S - Sale;$112.02;-8;373,732;-2%;-$896,158;;;;
D;10.02.2025 21:42;06.02.2025;ANET;Arista Networks, Inc.;Duda Kenneth;CTO, SVP Software Eng.;S - Sale+OE;$115.61;-160;3,562,748;-4%;-$18,497,049;;;;
;18.02.2025 19:49;14.02.2025;ANET;Arista Networks, Inc.;Battles Kelly Bodnar;Dir;S - Sale;$107.13;-1,488;8,128;-15%;-$159,409;;;;
;21.02.2025 19:07;19.02.2025;ANET;Arista Networks, Inc.;McCool John F;Chief Platform Officer;S - Sale;$102.11;-112;0;-100%;-$11,436;;;;
;25.02.2025 19:46;21.02.2025;ANET;Arista Networks, Inc.;Wassenaar Yvonne;Dir;S - Sale;$102.58;-168;14,104;-1%;-$17,233;;;;
;26.02.2025 19:09;24.02.2025;ANET;Arista Networks, Inc.;Ullal Jayshree;Pres, CEO;S - Sale;$93.88;-138,351;37,433,009;0%;-$12,988,491;;;;
;26.02.2025 19:09;24.02.2025;ANET;Arista Networks, Inc.;McCool John F;Chief Platform Officer;S - Sale;$93.14;-17,433;17,433;-50%;-$1,623,655;;;;
;28.02.2025 18:19;26.02.2025;ANET;Arista Networks, Inc.;McCool John F;Chief Platform Officer;S - Sale;$96.57;-17,433;0;-100%;-$1,683,584;;;;
;05.03.2025 19:11;03.03.2025;ANET;Arista Networks, Inc.;Taxay Marc;SVP, GC;S - Sale;$88.59;-51,848;0;-100%;-$4,593,257;;;;
;05.03.2025 19:10;03.03.2025;ANET;Arista Networks, Inc.;Giancarlo Charles H;Dir;S - Sale;$89.03;-8;366,576;-2%;-$712,235;;;;
D;10.03.2025 21:02;06.03.2025;ANET;Arista Networks, Inc.;Duda Kenneth;CTO, SVP Software Eng.;S - Sale+OE;$84.85;-160;3,548,401;-4%;-$13,576,071;;;;
;03.04.2025 19:55;01.04.2025;ANET;Arista Networks, Inc.;Giancarlo Charles H;Dir;S - Sale;$77.55;-8;358,576;-2%;-$620,386;;;;
D;09.04.2025 19:18;07.04.2025;ANET;Arista Networks, Inc.;Duda Kenneth;CTO, SVP Software Eng.;S - Sale+OE;$70.40;-30;2,136,257;0%;-$2,112;;;;
;09.04.2025 19:17;07.04.2025;ANET;Arista Networks, Inc.;Duda Kenneth;CTO, SVP Software Eng.;S - Sale;$66.79;-159,97;1,950,574;-8%;-$10,683,848;;;;
;24.04.2025 19:42;22.04.2025;ANET;Arista Networks, Inc.;Battles Kelly Bodnar;Dir;S - Sale;$68.49;-1,492;7,48;-17%;-$102,180;;;;
;05.05.2025 18:28;01.05.2025;ANET;Arista Networks, Inc.;Giancarlo Charles H;Dir;S - Sale;$88.58;-8;350,576;-2%;-$708,675;;;;
D;08.05.2025 18:35;06.05.2025;ANET;Arista Networks, Inc.;Duda Kenneth;CTO, SVP Software Eng.;S - Sale+OE;$90.07;-160;3,388,401;-5%;-$14,411,584;;;;
;23.05.2025 19:22;21.05.2025;ANET;Arista Networks, Inc.;Wassenaar Yvonne;Dir;S - Sale;$94.20;-168;12,476;-1%;-$15,826;;;;
M;14.11.2024 21:43;12.11.2024;APP;Applovin Corp;Jansen Katie Kihorany;CMO;S - Sale;$286.13;-119,752;963,598;-11%;-$34,264,845;;;;
;22.11.2024 19:44;22.11.2024;APP;Applovin Corp;Stumpf Matthew;CFO (CFO);S - Sale;$332.67;-21,101;213,336;-9%;-$7,019,627;;;;
D;22.11.2024 19:56;21.11.2024;APP;Applovin Corp;Billings Craig Scott;Dir;S - Sale+OE;$318.94;-18;10,387;-63%;-$5,740,954;;;;
;22.11.2024 19:56;21.11.2024;APP;Applovin Corp;Shikin Vasily;CTO;S - Sale;$319.37;-593,588;4,662,141;-11%;-$189,573,540;;;;
D;25.11.2024 16:30;21.11.2024;APP;Applovin Corp;Kkr Denali Holdings L.P.;10%;S - Sale+OE;$309.97;-5,274,246;0;-100%;-$1,634,860,909;;;;
D;25.11.2024 16:30;21.11.2024;APP;Applovin Corp;Kkr Group Partnership L.P.;10%;S - Sale+OE;$309.97;-5,274,246;0;-100%;-$1,634,860,909;;;;
;26.11.2024 17:08;22.11.2024;APP;Applovin Corp;Shikin Vasily;CTO;S - Sale;$311.68;-165,986;4,496,155;-4%;-$51,735,181;;;;
;26.11.2024 17:14;25.11.2024;APP;Applovin Corp;Shikin Vasily;CTO;S - Sale;$324.99;-230;4,266,155;-5%;-$74,746,660;;;;
;29.11.2024 13:22;26.11.2024;APP;Applovin Corp;Vivas Eduardo;Dir;S - Sale;$330.67;-30,33;7,528,852;0%;-$10,029,070;;;;
;02.12.2024 17:11;27.11.2024;APP;Applovin Corp;Harvey Dawson Alyssa;Dir;S - Sale;$325.76;-3;7,359;-29%;-$977,282;;;;
;03.12.2024 17:49;29.11.2024;APP;Applovin Corp;Georgiadis Mary Margaret Hastings;Dir;S - Sale;$339.69;-30,5;189,965;-14%;-$10,360,433;;;;
;05.12.2024 18:17;03.12.2024;APP;Applovin Corp;Valenzuela Victoria;CLO, Corp. Secretary;S - Sale;$354.15;-17,925;405,676;-4%;-$6,348,053;;;;
;10.12.2024 19:02;06.12.2024;APP;Applovin Corp;Harvey Dawson Alyssa;Dir;S - Sale;$406.27;-500;6,684;-7%;-$203,134;;;;
D;10.12.2024 19:02;09.12.2024;APP;Applovin Corp;Chen Herald Y;Pres, CFO;S - Sale+OE;$345.52;-171,951;939,258;-15%;-$59,411,676;;;;
;10.12.2024 19:03;09.12.2024;APP;Applovin Corp;Chen Herald Y;Pres, CFO;S - Sale;$366.16;-400;207,649;0%;-$146,464;;;;
M;11.12.2024 19:19;09.12.2024;APP;Applovin Corp;Foroughi Arash Adam;CEO, Chairperson, 10%;S - Sale;$343.38;-54,802;3,103,833;-2%;-$18,817,925;;;;
;11.12.2024 19:21;10.12.2024;APP;Applovin Corp;Foroughi Arash Adam;CEO, Chairperson, 10%;S - Sale;$332.52;-43,522;3,060,311;-1%;-$14,471,737;;;;
M;11.12.2024 19:22;10.12.2024;APP;Applovin Corp;Foroughi Arash Adam;CEO, Chairperson, 10%;S - Sale;$332.74;-51,676;8,366,635;-1%;-$17,194,696;;;;
D;12.12.2024 19:23;10.12.2024;APP;Applovin Corp;Chen Herald Y;Dir;S - Sale+OE;$329.36;-194,08;627,129;-24%;-$63,922,049;;;;
M;12.12.2024 19:25;10.12.2024;APP;Applovin Corp;Chen Herald Y;Dir;S - Sale;$336.42;-124,569;910,209;-12%;-$41,907,123;;;;
;12.12.2024 19:27;12.12.2024;APP;Applovin Corp;Chen Herald Y;Dir;S - Sale;$329.51;-99;621,209;-14%;-$32,620,953;;;;
;23.12.2024 16:58;19.12.2024;APP;Applovin Corp;Valenzuela Victoria;CLO, Corp. Secretary;S - Sale;$313.07;-15,971;372,205;-4%;-$5,000,041;;;;
M;24.02.2025 20:53;21.02.2025;APP;Applovin Corp;Foroughi Arash Adam;CEO, Chairperson, 10%;S - Sale;$421.88;-45,6;2,913,892;-2%;-$19,237,779;;;;
;24.02.2025 20:55;24.02.2025;APP;Applovin Corp;Foroughi Arash Adam;CEO, Chairperson, 10%;S - Sale;$410.89;-44,4;8,227,492;-1%;-$18,243,452;;;;
D;04.03.2025 17:20;28.02.2025;APP;Applovin Corp;Chen Herald Y;Dir;S - Sale+OE;$324.65;-200;811,209;-20%;-$64,930,457;;;;
;12.03.2025 18:46;10.03.2025;APP;Applovin Corp;Shikin Vasily;CTO;S - Sale;$240.95;-43,373;3,555,407;-1%;-$10,450,547;;;;
;12.03.2025 18:47;10.03.2025;APP;Applovin Corp;Shikin Vasily;CTO;S - Sale;$243.07;-21,627;88,389;-20%;-$5,256,890;;;;
;12.03.2025 18:50;10.03.2025;APP;Applovin Corp;Shikin Vasily;CTO;S - Sale;$241.65;-17,5;513,839;-3%;-$4,228,934;;;;
D;14.05.2025 17:54;12.05.2025;APP;Applovin Corp;Billings Craig Scott;Dir;S - Sale+OE;$353.12;-12;2,987;-80%;-$4,237,397;;;;
;15.05.2025 17:51;13.05.2025;APP;Applovin Corp;Harvey Dawson Alyssa;Dir;S - Sale;$371.12;-570;6,231;-8%;-$211,540;;;;
D;15.05.2025 17:51;13.05.2025;APP;Applovin Corp;Chen Herald Y;Dir;S - Sale+OE;$371.80;-228,58;392,629;-37%;-$84,985,972;;;;
M;15.05.2025 17:55;13.05.2025;APP;Applovin Corp;Chen Herald Y;Dir;S - Sale;$374.36;-571,42;411,209;-58%;-$213,914,133;;;;
M;21.05.2025 17:23;19.05.2025;APP;Applovin Corp;Valenzuela Victoria;CLO, Corp. Secretary;S - Sale;$369.79;-13,184;344,256;-4%;-$4,875,336;;;;
D;22.05.2025 18:02;20.05.2025;APP;Applovin Corp;Foroughi Arash Adam;CEO, Chairperson, 10%;S - Sale+OE;$363.64;-56,3;2,864,063;-2%;-$20,473,041;;;;
M;22.05.2025 18:04;20.05.2025;APP;Applovin Corp;Foroughi Arash Adam;CEO, Chairperson, 10%;S - Sale;$367.02;-133,7;3,541,363;-4%;-$49,070,352;;;;
;28.05.2025 19:03;23.05.2025;APP;Applovin Corp;Shikin Vasily;CTO;S - Sale;$353.50;-47,734;3,499,653;-1%;-$16,874,117;;;;
;28.05.2025 19:06;23.05.2025;APP;Applovin Corp;Shikin Vasily;CTO;S - Sale;$353.64;-34,766;496,339;-7%;-$12,294,665;;;;
;19.12.2024 18:13;17.12.2024;AVGO;Broadcom Inc.;You Harry L.;Dir;S - Sale;$240.00;-6,54;30,45;-18%;-$1,569,626;;;;
;26.12.2024 18:43;23.12.2024;AVGO;Broadcom Inc.;Bryant Diane M;Dir;S - Sale;$226.68;-15;6,78;-69%;-$3,400,200;;;;
;26.12.2024 18:57;20.12.2024;AVGO;Broadcom Inc.;Spears Kirsten M.;CFO, Chief Accounting Officer;S - Sale;$229.62;-12,57;325,443;-4%;-$2,886,323;;;;
;27.12.2024 17:49;24.12.2024;AVGO;Broadcom Inc.;Brazeal Mark David;Chief Legal, Corp Affairs Ofc;S - Sale;$238.79;-20,168;321,66;-6%;-$4,815,937;;;;
;27.12.2024 17:59;24.12.2024;AVGO;Broadcom Inc.;Tan Hock E;Pres, CEO;S - Sale;$239.96;-45;1,844,746;-2%;-$10,798,200;;;;
;06.01.2025 17:32;02.01.2025;AVGO;Broadcom Inc.;Kawwas Charlie B;Pres, Semi Solutions Grp;S - Sale;$231.98;-40;782,52;-5%;-$9,279,200;;;;
;08.01.2025 17:41;06.01.2025;AVGO;Broadcom Inc.;Low Check Kian;Dir;S - Sale;$235.35;-48;113,05;-30%;-$11,296,800;;;;
;10.01.2025 17:41;08.01.2025;AVGO;Broadcom Inc.;Hartenstein Eddy W;Dir;S - Sale;$229.64;-4;48,29;-8%;-$918,548;;;;
;26.03.2025 16:51;24.03.2025;AVGO;Broadcom Inc.;Brazeal Mark David;Chief Legal, Corp Affairs Ofc;S - Sale;$194.65;-30;490,956;-6%;-$5,839,500;;;;
;28.03.2025 17:00;26.03.2025;AVGO;Broadcom Inc.;Samueli Henry;Dir;S - Sale;$181.60;-663,976;87,107,283;-1%;-$120,576,863;;;;
;15.04.2025 17:19;11.04.2025;AVGO;Broadcom Inc.;Brazeal Mark David;Chief Legal, Corp Affairs Ofc;S - Sale;$180.00;-25;465,956;-5%;-$4,500,000;;;;
;16.04.2025 17:23;14.04.2025;AVGO;Broadcom Inc.;Page Justine;Dir;S - Sale;$185.00;-800;25,38;-3%;-$148,000;;;;
;16.05.2025 16:52;14.05.2025;AVGO;Broadcom Inc.;Page Justine;Dir;S - Sale;$230.19;-800;26,182;-3%;-$184,152;;;;
;04.11.2024 16:49;01.11.2024;CRM;Salesforce, Inc.;Reddy Sundeep G.;EVP, Chief Accounting Officer;S - Sale;$290.23;-500;6,506;-7%;-$145,115;;;;
D;06.11.2024 17:19;05.11.2024;CRM;Salesforce, Inc.;Harris Parker;Co-Founder, CTO, Slack;S - Sale+OE;$296.74;-3,97;1,927,880;0%;-$1,178,044;;;;
D;22.11.2024 20:20;22.11.2024;CRM;Salesforce, Inc.;Millham Brian;Pres, COO;S - Sale+OE;$338.95;-14,808;0;-100%;-$5,019,172;;;;
D;25.11.2024 18:49;25.11.2024;CRM;Salesforce, Inc.;Niles Sabastian;Pres, CLO;S - Sale+OE;$342.81;-931;1,559;-37%;-$319,156;;;;
D;25.11.2024 18:51;25.11.2024;CRM;Salesforce, Inc.;Milano Miguel;Pres, CRO;S - Sale+OE;$342.81;-719;4,659;-13%;-$246,481;;;;
;26.11.2024 19:46;26.11.2024;CRM;Salesforce, Inc.;Niles Sabastian;Pres, CLO;S - Sale;$341.98;-548;1,011;-35%;-$187,405;;;;
D;20.12.2024 16:23;18.12.2024;CRM;Salesforce, Inc.;Benioff Marc;Chair, CEO;S - Sale+OE;$346.78;-317,105;22,269,457;-1%;-$109,964,318;;;;
M;20.12.2024 17:01;18.12.2024;CRM;Salesforce, Inc.;Morfit G Mason;See Remarks;S - Sale;$344.55;-1,015,800;2,898,509;-26%;-$349,993,963;;;;
D;23.12.2024 20:13;23.12.2024;CRM;Salesforce, Inc.;Tallapragada Srinivas;Pres, Chief Engineering Office;S - Sale+OE;$339.51;-174,072;25,794;-87%;-$59,099,368;;;;
D;23.12.2024 20:22;23.12.2024;CRM;Salesforce, Inc.;Millham Brian;Pres, COO;S - Sale+OE;$340.68;-16,487;1,662;-91%;-$5,616,834;;;;
D;23.12.2024 20:26;23.12.2024;CRM;Salesforce, Inc.;Weaver Amy E;Pres, CFO;S - Sale+OE;$339.78;-942;53,861;-2%;-$320,069;;;;
D;23.12.2024 20:28;23.12.2024;CRM;Salesforce, Inc.;Reddy Sundeep G.;EVP, Chief Accounting Officer;S - Sale+OE;$339.78;-65;6,584;-1%;-$22,085;;;;
D;23.12.2024 20:31;23.12.2024;CRM;Salesforce, Inc.;Schmaier R David;Pres, Chief Product Officer;S - Sale+OE;$339.78;-631;20,901;-3%;-$214,398;;;;
D;23.12.2024 21:10;23.12.2024;CRM;Salesforce, Inc.;Harris Parker;Co-Founder, CTO, Slack;S - Sale+OE;$339.78;-942;1,928,811;0%;-$320,069;;;;
D;26.12.2024 16:58;24.12.2024;CRM;Salesforce, Inc.;Weaver Amy E;Pres, CFO;S - Sale+OE;$343.00;-6,221;45,861;-12%;-$2,133,803;;;;
;26.12.2024 17:05;24.12.2024;CRM;Salesforce, Inc.;Millham Brian;Pres, COO;S - Sale;$343.00;-1,662;0;-100%;-$570,066;;;;
;27.12.2024 16:37;26.12.2024;CRM;Salesforce, Inc.;Schmaier R David;Pres, Chief Product Officer;S - Sale;$344.00;-1,785;19,116;-9%;-$614,040;;;;
D;03.01.2025 16:43;02.01.2025;CRM;Salesforce, Inc.;Weaver Amy E;Pres, CFO;S - Sale+OE;$338.92;-6,221;45,861;-12%;-$2,108,421;;;;
D;16.01.2025 16:39;15.01.2025;CRM;Salesforce, Inc.;Weaver Amy E;Pres, CFO;S - Sale+OE;$329.88;-6,221;45,861;-12%;-$2,052,183;;;;
D;23.01.2025 18:48;23.01.2025;CRM;Salesforce, Inc.;Millham Brian;Pres, COO;S - Sale+OE;$332.28;-708;1,239;-36%;-$235,256;;;;
D;23.01.2025 18:50;23.01.2025;CRM;Salesforce, Inc.;Reddy Sundeep G.;EVP, Chief Accounting Officer;S - Sale+OE;$332.28;-436;7,057;-6%;-$144,875;;;;
D;23.01.2025 18:52;23.01.2025;CRM;Salesforce, Inc.;Schmaier R David;Pres, Chief Product Officer;S - Sale+OE;$332.28;-647;20,237;-3%;-$214,987;;;;
DM;23.01.2025 18:55;22.01.2025;CRM;Salesforce, Inc.;Tallapragada Srinivas;Pres, Chief Engineering Office;S - Sale+OE;$331.39;-5,12;26,907;-16%;-$1,696,695;;;;
D;23.01.2025 18:56;23.01.2025;CRM;Salesforce, Inc.;Harris Parker;Co-Founder, CTO, Slack;S - Sale+OE;$332.28;-652;1,929,945;0%;-$216,648;;;;
D;23.01.2025 18:58;23.01.2025;CRM;Salesforce, Inc.;Weaver Amy E;Pres, CFO;S - Sale+OE;$332.28;-897;46,75;-2%;-$298,058;;;;
D;04.02.2025 17:48;03.02.2025;CRM;Salesforce, Inc.;Weaver Amy E;Pres, CFO;S - Sale+OE;$335.94;-6,221;46,75;-12%;-$2,089,883;;;;
;04.02.2025 17:52;03.02.2025;CRM;Salesforce, Inc.;Reddy Sundeep G.;EVP, Chief Accounting Officer;S - Sale;$335.94;-500;6,557;-7%;-$167,970;;;;
D;19.02.2025 16:42;18.02.2025;CRM;Salesforce, Inc.;Weaver Amy E;Pres, CFO;S - Sale+OE;$328.18;-6,221;46,75;-12%;-$2,041,608;;;;
D;24.02.2025 21:23;24.02.2025;CRM;Salesforce, Inc.;Niles Sabastian;Pres, CLO;S - Sale+OE;$307.97;-690;1,984;-26%;-$212,496;;;;
D;24.02.2025 21:25;24.02.2025;CRM;Salesforce, Inc.;Milano Miguel;Pres, CRO;S - Sale+OE;$307.97;-458;5,864;-7%;-$141,048;;;;
D;25.02.2025 20:40;24.02.2025;CRM;Salesforce, Inc.;Tallapragada Srinivas;Pres, Chief Engineering Office;S - Sale+OE;$312.73;-4,447;26,907;-14%;-$1,390,710;;;;
;26.02.2025 19:23;25.02.2025;CRM;Salesforce, Inc.;Niles Sabastian;Pres, CLO;S - Sale;$306.24;-730;1,254;-37%;-$223,555;;;;
;03.03.2025 17:36;28.02.2025;CRM;Salesforce, Inc.;Washington Robin L;Dir;P - Purchase;$294.61;1,695;43,445;4%;+$499,355;;;;
D;04.03.2025 17:42;03.03.2025;CRM;Salesforce, Inc.;Weaver Amy E;Pres, CFO;S - Sale+OE;$301.00;-6,221;46,75;-12%;-$1,872,521;;;;
D;18.03.2025 17:40;17.03.2025;CRM;Salesforce, Inc.;Weaver Amy E;Pres, CFO;S - Sale+OE;$277.37;-6,221;46,75;-12%;-$1,725,519;;;;
;27.03.2025 16:31;26.03.2025;CRM;Salesforce, Inc.;Schmaier R David;Pres, Chief Product Officer;S - Sale;$288.34;-1,785;29,19;-6%;-$514,687;;;;
D;25.03.2025 17:21;24.03.2025;CRM;Salesforce, Inc.;Tallapragada Srinivas;Pres, Chief Engineering Office;S - Sale+OE;$284.58;-4,001;30,873;-11%;-$1,138,603;;;;
D;25.03.2025 17:15;24.03.2025;CRM;Salesforce, Inc.;Schmaier R David;Pres, Chief Product Officer;S - Sale+OE;$284.58;-2,957;30,975;-9%;-$841,502;;;;
DM;25.03.2025 17:12;24.03.2025;CRM;Salesforce, Inc.;Niles Sabastian;Pres, CLO;S - Sale+OE;$285.36;-3,549;1,766;-67%;-$1,012,725;;;;
D;25.03.2025 17:06;24.03.2025;CRM;Salesforce, Inc.;Milano Miguel;Pres, CRO;S - Sale+OE;$284.58;-1,559;8,366;-16%;-$443,660;;;;
D;25.03.2025 17:27;24.03.2025;CRM;Salesforce, Inc.;Reddy Sundeep G.;EVP, Chief Accounting Officer;S - Sale+OE;$284.58;-1,909;11,31;-14%;-$543,263;;;;
D;25.03.2025 17:08;24.03.2025;CRM;Salesforce, Inc.;Millham Brian;Advisor to CEO;S - Sale+OE;$284.58;-3,937;5,518;-42%;-$1,120,390;;;;
D;25.03.2025 18:08;24.03.2025;CRM;Salesforce, Inc.;Harris Parker;Co-Founder, CTO, Slack;S - Sale+OE;$284.58;-3,273;1,933,624;0%;-$931,429;;;;
;04.04.2025 19:36;03.04.2025;CRM;Salesforce, Inc.;Munoz Oscar;Dir;P - Purchase;$257.28;3,882;11,843;49%;+$998,773;;;;
;17.04.2025 16:24;16.04.2025;CRM;Salesforce, Inc.;Tallapragada Srinivas;Chief Eng, Cust Success Office;S - Sale;$253.31;-9,742;40,534;-19%;-$2,467,725;;;;
;17.04.2025 16:28;16.04.2025;CRM;Salesforce, Inc.;Reddy Sundeep G.;EVP, Chief Accounting Officer;S - Sale;$253.31;-1,256;12,826;-9%;-$318,155;;;;
;17.04.2025 16:32;16.04.2025;CRM;Salesforce, Inc.;Harris Parker;Co-Founder, CTO, Slack;S - Sale;$253.31;-9,742;1,943,285;0%;-$2,467,725;;;;
;17.04.2025 16:36;16.04.2025;CRM;Salesforce, Inc.;Schmaier R David;Chief Product, Impact Officer;S - Sale;$253.31;-6,959;36,09;-16%;-$1,762,769;;;;
D;24.04.2025 16:40;23.04.2025;CRM;Salesforce, Inc.;Harris Parker;Co-Founder, CTO, Slack;S - Sale+OE;$253.66;-897;1,944,173;0%;-$227,536;;;;
D;24.04.2025 16:46;23.04.2025;CRM;Salesforce, Inc.;Millham Brian;Advisor to CEO;S - Sale+OE;$253.66;-979;6,487;-13%;-$248,337;;;;
D;24.04.2025 16:56;23.04.2025;CRM;Salesforce, Inc.;Tallapragada Srinivas;Chief Eng, Cust Success Office;S - Sale+OE;$253.66;-897;41,422;-2%;-$227,536;;;;
D;24.04.2025 17:01;23.04.2025;CRM;Salesforce, Inc.;Schmaier R David;Chief Product, Impact Officer;S - Sale+OE;$253.66;-4,586;33,273;-12%;-$1,163,302;;;;
D;24.04.2025 17:07;23.04.2025;CRM;Salesforce, Inc.;Reddy Sundeep G.;EVP, Chief Accounting Officer;S - Sale+OE;$253.66;-1,525;12,211;-11%;-$386,837;;;;
;05.05.2025 18:15;02.05.2025;CRM;Salesforce, Inc.;Reddy Sundeep G.;EVP, Chief Accounting Officer;S - Sale;$275.00;-500;11,711;-4%;-$137,500;;;;
D;15.05.2025 16:29;14.05.2025;CRM;Salesforce, Inc.;Tallapragada Srinivas;Chief Eng, Cust Success Office;S - Sale+OE;$295.00;-6,697;41,422;-14%;-$1,975,615;;;;
D;23.05.2025 21:09;23.05.2025;CRM;Salesforce, Inc.;Milano Miguel;Pres, CRO;S - Sale+OE;$279.44;-705;9,323;-7%;-$197,003;;;;
D;23.05.2025 21:11;23.05.2025;CRM;Salesforce, Inc.;Niles Sabastian;Pres, CLO;S - Sale+OE;$279.44;-933;2,495;-27%;-$260,714;;;;
;28.05.2025 16:52;27.05.2025;CRM;Salesforce, Inc.;Niles Sabastian;Pres, CLO;S - Sale;$272.75;-547;1,948;-22%;-$149,194;;;;
M;08.11.2024 20:00;06.11.2024;CRWD;Crowdstrike Holdings, Inc.;Gandhi Sameer K;Dir;S - Sale;$321.79;-6,25;989,387;-1%;-$2,011,173;;;;
;15.11.2024 20:00;15.11.2024;CRWD;Crowdstrike Holdings, Inc.;Henry Shawn;CHIEF SECURITY OFFICER;S - Sale;$340.44;-4;120,298;-3%;-$1,361,760;;;;
D;02.12.2024 20:00;29.11.2024;CRWD;Crowdstrike Holdings, Inc.;Watzinger Gerhard;Dir;S - Sale+OE;$348.93;-30;56,524;-35%;-$10,468,026;;;;
;04.12.2024 19:00;03.12.2024;CRWD;Crowdstrike Holdings, Inc.;Gandhi Sameer K;Dir;S - Sale;$349.34;-6,25;983,137;-1%;-$2,183,361;;;;
D;06.12.2024 16:37;04.12.2024;CRWD;Crowdstrike Holdings, Inc.;Oleary Denis;Dir;S - Sale+OE;$362.75;-17,53;50,239;-26%;-$6,359,008;;;;
;16.12.2024 18:00;16.12.2024;CRWD;Crowdstrike Holdings, Inc.;Henry Shawn;CHIEF SECURITY OFFICER;S - Sale;$368.14;-4,5;115,798;-4%;-$1,656,619;;;;
D;18.12.2024 20:00;16.12.2024;CRWD;Crowdstrike Holdings, Inc.;Austin Roxanne S;Dir;S - Sale+OE;$387.01;-5;18,297;-21%;-$1,935,050;;;;
;26.12.2024 20:00;23.12.2024;CRWD;Crowdstrike Holdings, Inc.;Podbere Burt W.;CFO;S - Sale;$358.14;-11,217;516,326;-2%;-$4,017,296;;;;
;26.12.2024 20:00;23.12.2024;CRWD;Crowdstrike Holdings, Inc.;Kurtz George;Pres, CEO;S - Sale;$359.70;-18,071;6,467,848;0%;-$6,500,108;;;;
;26.12.2024 20:00;23.12.2024;CRWD;Crowdstrike Holdings, Inc.;Sentonas Michael;Pres;S - Sale;$358.47;-10,801;389,589;-3%;-$3,871,812;;;;
M;26.12.2024 20:00;23.12.2024;CRWD;Crowdstrike Holdings, Inc.;Saha Anurag;CHIEF ACCOUNTING OFFICER;S - Sale;$361.99;-4,721;38,201;-11%;-$1,708,958;;;;
M;26.12.2024 20:00;23.12.2024;CRWD;Crowdstrike Holdings, Inc.;Henry Shawn;CHIEF SECURITY OFFICER;S - Sale;$360.01;-13,584;102,214;-12%;-$4,890,381;;;;
;03.01.2025 20:00;02.01.2025;CRWD;Crowdstrike Holdings, Inc.;Gandhi Sameer K;Dir;S - Sale;$345.65;-6,25;5,835,747;0%;-$2,160,282;;;;
;16.01.2025 19:00;15.01.2025;CRWD;Crowdstrike Holdings, Inc.;Henry Shawn;CHIEF SECURITY OFFICER;S - Sale;$354.91;-4;98,214;-4%;-$1,419,652;;;;
;06.02.2025 18:45;05.02.2025;CRWD;Crowdstrike Holdings, Inc.;Gandhi Sameer K;Dir;S - Sale;$412.39;-6,25;5,829,497;0%;-$2,577,461;;;;
M;11.02.2025 18:00;07.02.2025;CRWD;Crowdstrike Holdings, Inc.;Gandhi Sameer K;Dir;S - Sale;$427.96;-25;5,804,497;0%;-$10,698,940;;;;
;18.02.2025 20:45;25.06.2024;CRWD;Crowdstrike Holdings, Inc.;Saha Anurag;CHIEF ACCOUNTING OFFICER;S - Sale;$384.27;-540;37,661;-1%;-$207,503;;;;
;19.02.2025 20:00;18.02.2025;CRWD;Crowdstrike Holdings, Inc.;Henry Shawn;CHIEF SECURITY OFFICER;S - Sale;$450.67;-4;94,214;-4%;-$1,802,664;;;;
;04.03.2025 19:00;03.03.2025;CRWD;Crowdstrike Holdings, Inc.;Gandhi Sameer K;Dir;S - Sale;$390.92;-6,25;5,798,247;0%;-$2,443,264;;;;
;17.03.2025 19:30;17.03.2025;CRWD;Crowdstrike Holdings, Inc.;Henry Shawn;CHIEF SECURITY OFFICER;S - Sale;$353.00;-4,5;89,714;-5%;-$1,588,500;;;;
;25.03.2025 20:00;21.03.2025;CRWD;Crowdstrike Holdings, Inc.;Podbere Burt W.;CFO;S - Sale;$358.10;-13,529;500,354;-3%;-$4,844,717;;;;
;25.03.2025 20:00;21.03.2025;CRWD;Crowdstrike Holdings, Inc.;Sentonas Michael;Pres;S - Sale;$358.62;-13,543;405,308;-3%;-$4,856,803;;;;
;25.03.2025 20:00;21.03.2025;CRWD;Crowdstrike Holdings, Inc.;Kurtz George;Pres, CEO;S - Sale;$358.68;-22,449;5,486,365;0%;-$8,051,996;;;;
M;25.03.2025 20:00;21.03.2025;CRWD;Crowdstrike Holdings, Inc.;Henry Shawn;CHIEF SECURITY OFFICER;S - Sale;$360.94;-7,643;82,071;-9%;-$2,758,659;;;;
M;25.03.2025 20:00;21.03.2025;CRWD;Crowdstrike Holdings, Inc.;Saha Anurag;CHIEF ACCOUNTING OFFICER;S - Sale;$366.37;-3,637;34,024;-10%;-$1,332,497;;;;
;02.04.2025 19:30;01.04.2025;CRWD;Crowdstrike Holdings, Inc.;Watzinger Gerhard;Dir;S - Sale;$359.57;-10;136,67;-7%;-$3,595,654;;;;
;08.04.2025 20:00;04.04.2025;CRWD;Crowdstrike Holdings, Inc.;Gandhi Sameer K;Dir;S - Sale;$324.16;-6,25;5,792,030;0%;-$2,026,011;;;;
D;10.04.2025 20:00;09.04.2025;CRWD;Crowdstrike Holdings, Inc.;Austin Roxanne S;Dir;S - Sale+OE;$380.00;-5;18,297;-21%;-$1,900,000;;;;
M;16.04.2025 20:00;14.04.2025;CRWD;Crowdstrike Holdings, Inc.;Watzinger Gerhard;Dir;S - Sale;$386.84;-10;126,67;-7%;-$3,868,358;;;;
;22.04.2025 20:00;21.04.2025;CRWD;Crowdstrike Holdings, Inc.;Flower Johanna;Dir;S - Sale;$362.48;-2,974;82,875;-3%;-$1,078,020;;;;
;28.04.2025 20:40;24.04.2025;CRWD;Crowdstrike Holdings, Inc.;Watzinger Gerhard;Dir;S - Sale;$409.00;-10,5;116,17;-8%;-$4,294,500;;;;
;02.05.2025 20:00;01.05.2025;CRWD;Crowdstrike Holdings, Inc.;Gandhi Sameer K;Dir;S - Sale;$434.61;-6,25;5,785,780;0%;-$2,716,310;;;;
;06.05.2025 20:00;05.05.2025;CRWD;Crowdstrike Holdings, Inc.;Kurtz George;Pres, CEO;S - Sale;$447.54;-55,556;2,292,610;-2%;-$24,863,354;;;;
;06.05.2025 20:00;05.05.2025;CRWD;Crowdstrike Holdings, Inc.;Watzinger Gerhard;Dir;S - Sale;$449.00;-10;106,17;-9%;-$4,490,000;;;;
;06.05.2025 20:00;05.05.2025;CRWD;Crowdstrike Holdings, Inc.;Podbere Burt W.;CFO;S - Sale;$436.88;-16;505,268;-3%;-$6,990,135;;;;
;28.05.2025 20:00;27.05.2025;CRWD;Crowdstrike Holdings, Inc.;Watzinger Gerhard;Dir;S - Sale;$469.00;-10;96,17;-9%;-$4,690,000;;;;
;19.11.2024 17:55;15.11.2024;CSCO;Cisco Systems, Inc.;Stahlkopf Deborah L;EVP, GC;S - Sale;$57.49;-58,188;219,1;-21%;-$3,344,955;;;;
;19.11.2024 17:56;15.11.2024;CSCO;Cisco Systems, Inc.;Herren Richard Scott;EVP, CFO;S - Sale;$57.49;-86,351;365,314;-19%;-$4,963,896;;;;
;19.11.2024 17:58;15.11.2024;CSCO;Cisco Systems, Inc.;Robbins Charles;Chair, CEO;S - Sale;$57.49;-171,744;783,786;-18%;-$9,872,824;;;;
;21.11.2024 19:44;20.11.2024;CSCO;Cisco Systems, Inc.;Subaiya Thimaya K.;EVP, Operations;S - Sale;$57.07;-21,23;213,834;-9%;-$1,211,541;;;;
;02.12.2024 19:39;27.11.2024;CSCO;Cisco Systems, Inc.;Wong Maria Victoria;SVP, Chief Acctg Officer;S - Sale;$59.73;-4,881;51,931;-9%;-$291,542;;;;
;06.12.2024 17:43;06.12.2024;CSCO;Cisco Systems, Inc.;Johnson Kristina M;Dir;S - Sale;$59.87;-7,5;65,915;-10%;-$449,025;;;;
;12.12.2024 20:10;12.12.2024;CSCO;Cisco Systems, Inc.;Stahlkopf Deborah L;EVP, GC;S - Sale;$59.21;-2,66;214,712;-1%;-$157,507;;;;
;12.12.2024 20:13;12.12.2024;CSCO;Cisco Systems, Inc.;Wong Maria Victoria;SVP, Chief Acctg Officer;S - Sale;$58.69;-586;50,767;-1%;-$34,392;;;;
;12.12.2024 20:14;12.12.2024;CSCO;Cisco Systems, Inc.;Subaiya Thimaya K.;EVP, Operations;S - Sale;$59.19;-3,042;207,798;-1%;-$180,058;;;;
;18.02.2025 18:59;14.02.2025;CSCO;Cisco Systems, Inc.;Robbins Charles;Chair, CEO;S - Sale;$64.41;-31,983;736,12;-4%;-$2,060,179;;;;
;18.02.2025 18:58;14.02.2025;CSCO;Cisco Systems, Inc.;Herren Richard Scott;EVP, CFO;S - Sale;$64.41;-19,929;335,605;-6%;-$1,283,703;;;;
;24.02.2025 18:16;20.02.2025;CSCO;Cisco Systems, Inc.;Subaiya Thimaya K.;EVP, Operations;S - Sale;$64.52;-8,973;194,644;-4%;-$578,958;;;;
;24.02.2025 18:16;21.02.2025;CSCO;Cisco Systems, Inc.;Stahlkopf Deborah L;EVP, GC;S - Sale;$64.37;-11,808;200,191;-6%;-$760,031;;;;
;27.02.2025 16:13;26.02.2025;CSCO;Cisco Systems, Inc.;Wong Maria Victoria;SVP, Chief Acctg Officer;S - Sale;$63.96;-3,485;45,32;-7%;-$222,901;;;;
;12.03.2025 19:21;12.03.2025;CSCO;Cisco Systems, Inc.;Stahlkopf Deborah L;EVP, GC;S - Sale;$60.71;-2,856;195,774;-1%;-$173,393;;;;
;12.03.2025 19:22;12.03.2025;CSCO;Cisco Systems, Inc.;Wong Maria Victoria;SVP, Chief Acctg Officer;S - Sale;$60.99;-762;44,155;-2%;-$46,474;;;;
;12.03.2025 19:21;12.03.2025;CSCO;Cisco Systems, Inc.;Subaiya Thimaya K.;EVP, Operations;S - Sale;$60.70;-2,065;191,184;-1%;-$125,344;;;;
;20.05.2025 16:42;16.05.2025;CSCO;Cisco Systems, Inc.;Stahlkopf Deborah L;EVP, GC;S - Sale;$63.50;-9,643;181,186;-5%;-$612,301;;;;
;20.05.2025 16:44;16.05.2025;CSCO;Cisco Systems, Inc.;Patel Jeetendra I;Pres, CPO;S - Sale;$63.97;-9,961;257,362;-4%;-$637,205;;;;
;29.05.2025 19:21;28.05.2025;CSCO;Cisco Systems, Inc.;Tuszik Oliver;EVP, Global Sales;S - Sale;$63.53;-15;131,676;-10%;-$952,947;;;;
;29.05.2025 19:22;28.05.2025;CSCO;Cisco Systems, Inc.;Wong Maria Victoria;SVP, Chief Acctg Officer;S - Sale;$63.51;-4,185;38,103;-10%;-$265,781;;;;
D;19.11.2024 16:09;15.11.2024;DELL;Dell Technologies Inc.;Vojvodich Radakovich Lynn;Dir;S - Sale+OE;$132.28;-725;23,68;-3%;-$95,903;;;;
;26.11.2024 16:17;22.11.2024;DELL;Dell Technologies Inc.;McGill Yvonne;CFO;S - Sale;$143.24;-8;243,986;-3%;-$1,145,944;;;;
;04.12.2024 16:09;02.12.2024;DELL;Dell Technologies Inc.;McGill Yvonne;CFO;S - Sale;$125.82;-8;235,986;-3%;-$1,006,591;;;;
D;09.12.2024 19:48;05.12.2024;DELL;Dell Technologies Inc.;Slta IV (Gp), L.L.C.;Dir, 10%;S - Sale+OE;$126.04;-430,457;1,309,652;-25%;-$54,253,498;;;;
D;09.12.2024 19:53;05.12.2024;DELL;Dell Technologies Inc.;Slta V (Gp), L.L.C.;Dir, 10%;S - Sale+OE;$126.04;-430,457;1,309,652;-25%;-$54,253,498;;;;
D;09.12.2024 19:57;06.12.2024;DELL;Dell Technologies Inc.;Slta IV (Gp), L.L.C.;Dir, 10%;S - Sale+OE;$123.41;-1,201,798;1,883,576;-39%;-$148,315,568;;;;
D;09.12.2024 20:00;06.12.2024;DELL;Dell Technologies Inc.;Slta V (Gp), L.L.C.;Dir, 10%;S - Sale+OE;$123.41;-1,201,798;1,883,576;-39%;-$148,315,568;;;;
;09.12.2024 20:07;06.12.2024;DELL;Dell Technologies Inc.;Slta IV (Gp), L.L.C.;Dir, 10%;S - Sale;$125.28;-103,745;1,161,436;-8%;-$12,997,462;;;;
;09.12.2024 20:10;06.12.2024;DELL;Dell Technologies Inc.;Slta V (Gp), L.L.C.;Dir, 10%;S - Sale;$125.28;-103,745;1,161,436;-8%;-$12,997,462;;;;
;11.12.2024 16:30;10.12.2024;DELL;Dell Technologies Inc.;Silver Lake Group, L.L.C.;Dir, 10%;S - Sale;$118.16;-7,496;1,127,627;-1%;-$885,727;;;;
D;17.12.2024 16:09;16.12.2024;DELL;Dell Technologies Inc.;Vojvodich Radakovich Lynn;Dir;S - Sale+OE;$120.00;-725;23,68;-3%;-$87,000;;;;
DM;08.01.2025 21:36;06.01.2025;DELL;Dell Technologies Inc.;Slta IV (Gp), L.L.C.;Dir, 10%;S - Sale+OE;$124.21;-395,654;1,266,057;-24%;-$49,144,894;;;;
DM;08.01.2025 21:37;06.01.2025;DELL;Dell Technologies Inc.;Slta V (Gp), L.L.C.;Dir, 10%;S - Sale+OE;$124.21;-395,654;1,266,057;-24%;-$49,144,894;;;;
D;08.01.2025 21:42;07.01.2025;DELL;Dell Technologies Inc.;Slta IV (Gp), L.L.C.;Dir, 10%;S - Sale+OE;$124.31;-324,076;1,859,355;-15%;-$40,286,694;;;;
D;08.01.2025 21:45;07.01.2025;DELL;Dell Technologies Inc.;Slta V (Gp), L.L.C.;Dir, 10%;S - Sale+OE;$124.31;-324,076;1,859,355;-15%;-$40,286,694;;;;
;08.01.2025 21:47;08.01.2025;DELL;Dell Technologies Inc.;Slta IV (Gp), L.L.C.;Dir, 10%;S - Sale;$119.73;-499,045;1,360,310;-27%;-$59,750,319;;;;
;08.01.2025 21:48;08.01.2025;DELL;Dell Technologies Inc.;Slta V (Gp), L.L.C.;Dir, 10%;S - Sale;$119.73;-499,045;1,360,310;-27%;-$59,750,319;;;;
D;24.01.2025 16:08;22.01.2025;DELL;Dell Technologies Inc.;Vojvodich Radakovich Lynn;Dir;S - Sale+OE;$120.00;-725;23,68;-3%;-$87,000;;;;
D;20.02.2025 16:10;18.02.2025;DELL;Dell Technologies Inc.;Vojvodich Radakovich Lynn;Dir;S - Sale+OE;$120.00;-725;23,68;-3%;-$87,000;;;;
;01.04.2025 16:16;28.03.2025;DELL;Dell Technologies Inc.;Rios Brunilda;Chief Accounting Officer;S - Sale;$93.29;-926;37,948;-2%;-$86,387;;;;
;16.05.2025 07:57;14.05.2025;DELL;Dell Technologies Inc.;McGill Yvonne;CFO;S - Sale;$110.80;-8;254,178;-3%;-$886,376;;;;
M;06.11.2024 17:02;04.11.2024;EBAY;Ebay Inc;Iannone Jamie;Pres, CEO;S - Sale;$60.52;-11,25;542,417;-2%;-$680,850;;;;
D;19.11.2024 17:01;19.11.2024;EBAY;Ebay Inc;Garcia Edward O;SVP, Chief Product Officer;S - Sale+OE;$61.01;-2,743;43,827;-6%;-$167,350;;;;
;27.11.2024 16:38;26.11.2024;EBAY;Ebay Inc;Spencer Rebecca;VP, Chief Accounting Officer;S - Sale;$65.14;-1,732;4,775;-27%;-$112,823;;;;
M;05.12.2024 16:24;03.12.2024;EBAY;Ebay Inc;Iannone Jamie;Pres, CEO;S - Sale;$63.17;-11,25;531,167;-2%;-$710,665;;;;
D;17.12.2024 17:48;16.12.2024;EBAY;Ebay Inc;Priest Stephen J;SVP, CFO;S - Sale+OE;$63.63;-5,252;65,08;-7%;-$334,200;;;;
D;17.12.2024 17:47;17.12.2024;EBAY;Ebay Inc;Garcia Edward O;SVP, Chief Product Officer;S - Sale+OE;$65.20;-990;46,038;-2%;-$64,548;;;;
D;17.12.2024 17:47;17.12.2024;EBAY;Ebay Inc;Boone Cornelius;SVP, Chief People Officer;S - Sale+OE;$65.20;-3,989;71,469;-5%;-$260,083;;;;
M;06.01.2025 16:26;02.01.2025;EBAY;Ebay Inc;Iannone Jamie;Pres, CEO;S - Sale;$62.08;-11,25;536,623;-2%;-$698,400;;;;
D;17.01.2025 17:36;16.01.2025;EBAY;Ebay Inc;Priest Stephen J;SVP, CFO;S - Sale+OE;$64.93;-1,033;65,08;-2%;-$67,073;;;;
M;05.02.2025 16:38;03.02.2025;EBAY;Ebay Inc;Iannone Jamie;Pres, CEO;S - Sale;$67.14;-11,25;525,373;-2%;-$755,269;;;;
D;19.02.2025 17:10;19.02.2025;EBAY;Ebay Inc;Garcia Edward O;SVP, Chief Product Officer;S - Sale+OE;$68.81;-2,688;48,237;-5%;-$184,961;;;;
M;05.03.2025 16:32;03.03.2025;EBAY;Ebay Inc;Iannone Jamie;Pres, CEO;S - Sale;$66.19;-15;510,373;-3%;-$992,777;;;;
D;18.03.2025 17:16;17.03.2025;EBAY;Ebay Inc;Priest Stephen J;SVP, CFO;S - Sale+OE;$67.10;-5,253;93,14;-5%;-$352,482;;;;
D;18.03.2025 17:16;17.03.2025;EBAY;Ebay Inc;Garcia Edward O;SVP, Chief Product Officer;S - Sale+OE;$67.07;-2,218;75,445;-3%;-$148,759;;;;
;20.03.2025 16:32;18.03.2025;EBAY;Ebay Inc;Garcia Edward O;SVP, Chief Product Officer;S - Sale;$65.23;-18,38;57,065;-24%;-$1,198,927;;;;
;20.03.2025 16:32;18.03.2025;EBAY;Ebay Inc;Boone Cornelius;SVP, Chief People Officer;S - Sale;$67.06;-3,958;94,392;-4%;-$265,423;;;;
;03.04.2025 17:25;01.04.2025;EBAY;Ebay Inc;Priest Stephen J;SVP, CFO;S - Sale;$67.82;-28,06;65,08;-30%;-$1,903,072;;;;
;07.04.2025 16:47;03.04.2025;EBAY;Ebay Inc;Iannone Jamie;Pres, CEO;S - Sale;$66.35;-7,5;590,108;-1%;-$497,616;;;;
D;17.04.2025 18:45;17.04.2025;EBAY;Ebay Inc;Priest Stephen J;SVP, CFO;S - Sale+OE;$66.21;-1,167;65,08;-2%;-$77,267;;;;
D;05.05.2025 17:11;01.05.2025;EBAY;Ebay Inc;Garcia Edward O;SVP, Chief Product Officer;S - Sale+OE;$70.12;-54,833;57,065;-49%;-$3,844,890;;;;
M;06.05.2025 18:04;02.05.2025;EBAY;Ebay Inc;Iannone Jamie;Pres, CEO;S - Sale;$68.90;-20;570,754;-3%;-$1,377,900;;;;
;08.05.2025 16:12;06.05.2025;EBAY;Ebay Inc;Spencer Rebecca;VP, Chief Accounting Officer;S - Sale;$69.95;-2;7,468;-21%;-$139,900;;;;
D;13.05.2025 16:06;09.05.2025;EBAY;Ebay Inc;Loeger Julie A;SVP, Chief Growth Officer;S - Sale+OE;$69.43;-127,07;123,282;-51%;-$8,822,470;;;;
M;22.05.2025 16:19;21.05.2025;EBAY;Ebay Inc;Iannone Jamie;Pres, CEO;S - Sale;$71.64;-15;555,754;-3%;-$1,074,525;;;;
D;23.05.2025 16:32;21.05.2025;EBAY;Ebay Inc;Loeger Julie A;SVP, Chief Growth Officer;S - Sale+OE;$72.06;-92,895;123,282;-43%;-$6,694,014;;;;
;01.11.2024 12:13;30.10.2024;GOOGL;Alphabet Inc.;Shriram Kavitark Ram;Dir;S - Sale;$180.78;-19,5;5,352,512;0%;-$3,525,210;;;;
;04.11.2024 20:50;04.11.2024;GOOGL;Alphabet Inc.;Arnold Frances;Dir;S - Sale;$171.06;-441;21,966;-2%;-$75,437;;;;
;04.11.2024 21:01;01.11.2024;GOOGL;Alphabet Inc.;O'Toole Amie Thuener;VP, Chief Accounting Officer;S - Sale;$171.42;-1,367;70,687;-2%;-$234,331;;;;
;06.11.2024 18:54;06.11.2024;GOOGL;Alphabet Inc.;Pichai Sundar;CEO;S - Sale;$177.37;-22,5;2,684,656;-1%;-$3,990,704;;;;
;07.11.2024 18:00;07.11.2024;GOOGL;Alphabet Inc.;Shriram Kavitark Ram;Dir;S - Sale;$177.41;-19,5;5,002,546;0%;-$3,459,495;;;;
;12.11.2024 17:18;12.11.2024;GOOGL;Alphabet Inc.;Hennessy John L;Dir;S - Sale;$180.75;-1,5;39,685;-4%;-$271,125;;;;
;18.11.2024 16:16;15.11.2024;GOOGL;Alphabet Inc.;O'Toole Amie Thuener;VP, Chief Accounting Officer;S - Sale;$175.86;-2,835;67,852;-4%;-$498,563;;;;
;21.11.2024 16:55;20.11.2024;GOOGL;Alphabet Inc.;Pichai Sundar;CEO;S - Sale;$176.67;-22,5;2,662,156;-1%;-$3,975,018;;;;
;02.12.2024 17:39;29.11.2024;GOOGL;Alphabet Inc.;Arnold Frances;Dir;S - Sale;$169.98;-111;21,854;-1%;-$18,868;;;;
;02.12.2024 18:19;02.12.2024;GOOGL;Alphabet Inc.;O'Toole Amie Thuener;VP, Chief Accounting Officer;S - Sale;$170.41;-1,367;65,091;-2%;-$232,950;;;;
;10.12.2024 20:49;10.12.2024;GOOGL;Alphabet Inc.;Shriram Kavitark Ram;Dir;S - Sale;$185.02;-72,5;4,930,046;-1%;-$13,413,721;;;;
;13.12.2024 18:18;12.12.2024;GOOGL;Alphabet Inc.;Hennessy John L;Dir;S - Sale;$194.22;-1,5;38,185;-4%;-$291,336;;;;
;17.12.2024 21:20;16.12.2024;GOOGL;Alphabet Inc.;O'Toole Amie Thuener;VP, Chief Accounting Officer;S - Sale;$197.55;-2,834;53,997;-5%;-$559,850;;;;
;02.01.2025 14:37;31.12.2024;GOOGL;Alphabet Inc.;Arnold Frances;Dir;S - Sale;$192.49;-111;21,749;-1%;-$21,366;;;;
;02.01.2025 15:19;30.12.2024;GOOGL;Alphabet Inc.;Walker John Kent;Pres, Global Affairs, CLO;S - Sale;$192.62;-16,82;216,768;-7%;-$3,239,916;;;;
;03.01.2025 14:29;02.01.2025;GOOGL;Alphabet Inc.;O'Toole Amie Thuener;VP, Chief Accounting Officer;S - Sale;$191.55;-1,368;59,526;-2%;-$262,040;;;;
;13.01.2025 19:57;13.01.2025;GOOGL;Alphabet Inc.;Hennessy John L;Dir;S - Sale;$189.80;-1,5;36,798;-4%;-$284,693;;;;
;15.01.2025 18:45;15.01.2025;GOOGL;Alphabet Inc.;O'Toole Amie Thuener;VP, Chief Accounting Officer;S - Sale;$194.32;-2,834;56,692;-5%;-$550,703;;;;
;30.01.2025 14:53;30.01.2025;GOOGL;Alphabet Inc.;Arnold Frances;Dir;S - Sale;$200.00;-110;21,64;-1%;-$22,000;;;;
;31.01.2025 17:50;31.01.2025;GOOGL;Alphabet Inc.;Shriram Kavitark Ram;Dir;S - Sale;$205.00;-26;4,904,053;-1%;-$5,330,000;;;;
;03.02.2025 16:57;03.02.2025;GOOGL;Alphabet Inc.;O'Toole Amie Thuener;VP, Chief Accounting Officer;S - Sale;$202.08;-1,34;53,928;-2%;-$270,787;;;;
;19.02.2025 11:11;18.02.2025;GOOGL;Alphabet Inc.;O'Toole Amie Thuener;VP, Chief Accounting Officer;S - Sale;$187.43;-2,824;51,104;-5%;-$529,302;;;;
;19.02.2025 13:22;18.02.2025;GOOGL;Alphabet Inc.;Shriram Kavitark Ram;Dir;S - Sale;$184.88;-53,066;4,850,987;-1%;-$9,810,567;;;;
;20.02.2025 12:12;18.02.2025;GOOGL;Alphabet Inc.;Walker John Kent;Pres, Global Affairs, CLO;S - Sale;$185.51;-17,69;216,769;-8%;-$3,281,684;;;;
;21.02.2025 19:48;21.02.2025;GOOGL;Alphabet Inc.;Porat Ruth;Pres, Chief Invs. Officer;S - Sale;$183.48;-17,69;2,076,753;-1%;-$3,245,778;;;;
;28.02.2025 13:23;28.02.2025;GOOGL;Alphabet Inc.;Arnold Frances;Dir;S - Sale;$170.30;-121;21,519;-1%;-$20,606;;;;
;03.03.2025 18:47;03.03.2025;GOOGL;Alphabet Inc.;O'Toole Amie Thuener;VP, Chief Accounting Officer;S - Sale;$173.47;-1,374;48,34;-3%;-$238,348;;;;
;13.03.2025 18:49;13.03.2025;GOOGL;Alphabet Inc.;Hennessy John L;Dir;S - Sale;$165.53;-200;36,493;-1%;-$33,107;;;;
;27.03.2025 17:43;27.03.2025;GOOGL;Alphabet Inc.;Walker John Kent;Pres, Global Affairs, CLO;S - Sale;$166.84;-11,764;194,764;-6%;-$1,962,700;;;;
;31.03.2025 16:33;28.03.2025;GOOGL;Alphabet Inc.;Arnold Frances;Dir;S - Sale;$162.42;-111;21,412;-1%;-$18,029;;;;
;01.04.2025 17:54;01.04.2025;GOOGL;Alphabet Inc.;O'Toole Amie Thuener;VP, Chief Accounting Officer;S - Sale;$155.33;-673;66,906;-1%;-$104,537;;;;
;04.04.2025 16:49;02.04.2025;GOOGL;Alphabet Inc.;Pichai Sundar;CEO;S - Sale;$158.56;-32,5;3,169,425;-1%;-$5,153,133;;;;
;14.04.2025 17:16;14.04.2025;GOOGL;Alphabet Inc.;Hennessy John L.;Dir;S - Sale;$161.90;-200;36,301;-1%;-$32,379;;;;
;18.04.2025 15:16;16.04.2025;GOOGL;Alphabet Inc.;Pichai Sundar;CEO;S - Sale;$156.16;-32,5;3,136,925;-1%;-$5,075,149;;;;
;01.05.2025 17:00;30.04.2025;GOOGL;Alphabet Inc.;Arnold Frances;Dir;S - Sale;$159.85;-111;21,301;-1%;-$17,743;;;;
;09.05.2025 17:48;07.05.2025;GOOGL;Alphabet Inc.;Pichai Sundar;CEO;S - Sale;$155.90;-32,5;2,876,865;-1%;-$5,066,763;;;;
;15.05.2025 16:05;13.05.2025;GOOGL;Alphabet Inc.;Hennessy John L.;Dir;S - Sale;$161.02;-200;36,103;-1%;-$32,203;;;;
;23.05.2025 17:08;22.05.2025;GOOGL;Alphabet Inc.;Hennessy John L.;Dir;S - Sale;$175.00;-600;35,503;-2%;-$105,000;;;;
;23.05.2025 17:24;22.05.2025;GOOGL;Alphabet Inc.;Shriram Kavitark Ram;Dir;S - Sale;$175.00;-19,5;4,831,491;0%;-$3,412,500;;;;
;23.05.2025 17:29;21.05.2025;GOOGL;Alphabet Inc.;Pichai Sundar;CEO;S - Sale;$170.87;-32,5;3,071,925;-1%;-$5,553,298;;;;
;08.11.2024 19:50;08.11.2024;IBM;International Business Machines Corp;Lamoreaux Nickle Jaclyn;SVP;S - Sale;$215.20;-3,6;25,39;-12%;-$774,727;;;;
;13.11.2024 16:05;13.11.2024;IBM;International Business Machines Corp;Zollar Alfred W;Dir;P - Purchase;$210.62;936;936;New;+$197,139;;;;
;28.02.2025 16:00;28.02.2025;IBM;International Business Machines Corp;Farr David N;Dir;P - Purchase;$249.00;1,2;8,258;17%;+$298,800;;;;
;03.03.2025 17:03;03.03.2025;IBM;International Business Machines Corp;Thomas Robert David;SVP;S - Sale;$253.01;-26,543;45,007;-37%;-$6,715,639;;;;
;06.11.2024 16:06;04.11.2024;INTC;Intel Corp;Gelsinger Patrick P;CEO;P - Purchase;$22.53;11,15;645,874;2%;+$251,198;;;;
;08.11.2024 16:05;07.11.2024;INTC;Intel Corp;Holthaus Michelle Johnston;EVP, GM, CCG;S - Sale;$26.00;-25;274,696;-8%;-$650,000;;;;
;04.11.2024 15:47;01.11.2024;LRCX;Lam Research Corp;Mayer Bethany;Dir;S - Sale;$75.16;-1,66;28,93;-5%;-$124,757;;;;
D;21.02.2025 13:28;20.02.2025;LRCX;Lam Research Corp;Varadarajan Seshasayee;SVP;S - Sale+OE;$90.00;-110,08;181,451;-38%;-$9,907,200;;;;
D;01.11.2024 18:20;30.10.2024;META;Meta Platforms, Inc.;Zuckerberg Mark;COB, CEO, 10%;S - Sale+OE;$600.17;-420;518,004;0%;-$252,073;;;;
;05.11.2024 18:17;01.11.2024;META;Meta Platforms, Inc.;Olivan Javier;COO;S - Sale;$567.58;-413;105,581;0%;-$234,411;;;;
;07.11.2024 18:13;05.11.2024;META;Meta Platforms, Inc.;Newstead Jennifer;GC;S - Sale;$567.70;-901;30,581;-3%;-$511,498;;;;
DM;19.11.2024 18:37;15.11.2024;META;Meta Platforms, Inc.;Olivan Javier;COO;S - Sale+OE;$574.89;-5,511;115,279;-5%;-$3,168,230;;;;
DM;19.11.2024 18:39;15.11.2024;META;Meta Platforms, Inc.;Clegg Nicholas;Pres, Global Affairs;S - Sale+OE;$556.66;-8,427;0;-100%;-$4,690,970;;;;
D;19.11.2024 18:39;18.11.2024;META;Meta Platforms, Inc.;Anderson Aaron;Chief Accounting Officer;S - Sale+OE;$557.00;-731;3,414;-18%;-$407,167;;;;
DM;19.11.2024 18:39;15.11.2024;META;Meta Platforms, Inc.;Li Susan J;CFO;S - Sale+OE;$561.21;-27,595;69,757;-28%;-$15,486,530;;;;
DM;19.11.2024 18:41;15.11.2024;META;Meta Platforms, Inc.;Bosworth Andrew;CTO;S - Sale+OE;$559.57;-19,803;0;-100%;-$11,081,116;;;;
;21.11.2024 18:05;19.11.2024;META;Meta Platforms, Inc.;Newstead Jennifer;GC;S - Sale;$552.30;-905;38,695;-2%;-$499,832;;;;
;26.11.2024 18:25;25.11.2024;META;Meta Platforms, Inc.;Olivan Javier;COO;S - Sale;$562.77;-413;114,866;0%;-$232,424;;;;
;27.11.2024 18:19;26.11.2024;META;Meta Platforms, Inc.;Newstead Jennifer;GC;S - Sale;$565.30;-905;37,44;-2%;-$511,597;;;;
;04.12.2024 18:05;02.12.2024;META;Meta Platforms, Inc.;Olivan Javier;COO;S - Sale;$577.49;-413;114,453;0%;-$238,503;;;;
D;04.12.2024 18:16;03.12.2024;META;Meta Platforms, Inc.;Zuckerberg Mark;COB, CEO, 10%;S - Sale+OE;$607.97;-35,921;646,029;-5%;-$21,838,799;;;;
D;04.12.2024 20:57;04.12.2024;META;Meta Platforms, Inc.;Zuckerberg Mark;COB, CEO, 10%;S - Sale+OE;$611.91;-35,921;633,054;-5%;-$21,980,359;;;;
;05.12.2024 18:19;03.12.2024;META;Meta Platforms, Inc.;Newstead Jennifer;GC;S - Sale;$595.00;-905;36,535;-2%;-$538,475;;;;
D;09.12.2024 19:08;05.12.2024;META;Meta Platforms, Inc.;Zuckerberg Mark;COB, CEO, 10%;S - Sale+OE;$611.06;-35,921;620,079;-5%;-$21,949,987;;;;
D;09.12.2024 19:13;06.12.2024;META;Meta Platforms, Inc.;Zuckerberg Mark;COB, CEO, 10%;S - Sale+OE;$621.84;-22,946;0;-100%;-$14,268,819;;;;
D;09.12.2024 19:16;06.12.2024;META;Meta Platforms, Inc.;Zuckerberg Mark;COB, CEO, 10%;S - Sale+OE;$621.89;-12,975;607,104;-2%;-$8,068,957;;;;
;11.12.2024 18:27;09.12.2024;META;Meta Platforms, Inc.;Olivan Javier;COO;S - Sale;$623.50;-413;114,04;0%;-$257,506;;;;
D;11.12.2024 20:46;09.12.2024;META;Meta Platforms, Inc.;Zuckerberg Mark;COB, CEO, 10%;S - Sale+OE;$614.35;-22,946;0;-100%;-$14,096,840;;;;
D;11.12.2024 20:49;09.12.2024;META;Meta Platforms, Inc.;Zuckerberg Mark;COB, CEO, 10%;S - Sale+OE;$614.36;-12,975;594,129;-2%;-$7,971,344;;;;
D;11.12.2024 20:50;10.12.2024;META;Meta Platforms, Inc.;Zuckerberg Mark;COB, CEO, 10%;S - Sale+OE;$619.41;-35,921;581,154;-6%;-$22,249,699;;;;
D;11.12.2024 20:52;11.12.2024;META;Meta Platforms, Inc.;Zuckerberg Mark;COB, CEO, 10%;S - Sale+OE;$633.25;-35,921;568,179;-6%;-$22,746,802;;;;
;12.12.2024 18:17;10.12.2024;META;Meta Platforms, Inc.;Newstead Jennifer;GC;S - Sale;$618.00;-905;35,63;-2%;-$559,290;;;;
D;16.12.2024 18:22;12.12.2024;META;Meta Platforms, Inc.;Zuckerberg Mark;COB, CEO, 10%;S - Sale+OE;$632.08;-35,921;555,204;-6%;-$22,705,057;;;;
D;16.12.2024 18:27;13.12.2024;META;Meta Platforms, Inc.;Zuckerberg Mark;COB, CEO, 10%;S - Sale+OE;$622.24;-35,921;542,229;-6%;-$22,351,458;;;;
;18.12.2024 18:26;16.12.2024;META;Meta Platforms, Inc.;Olivan Javier;COO;S - Sale;$629.56;-413;113,627;0%;-$260,008;;;;
D;18.12.2024 20:34;16.12.2024;META;Meta Platforms, Inc.;Zuckerberg Mark;COB, CEO, 10%;S - Sale+OE;$624.85;-35,921;529,254;-6%;-$22,445,074;;;;
D;18.12.2024 20:35;17.12.2024;META;Meta Platforms, Inc.;Zuckerberg Mark;COB, CEO, 10%;S - Sale+OE;$622.16;-35,921;516,279;-7%;-$22,348,771;;;;
D;18.12.2024 20:38;18.12.2024;META;Meta Platforms, Inc.;Zuckerberg Mark;COB, CEO, 10%;S - Sale+OE;$618.71;-12,437;503,842;-2%;-$7,694,950;;;;
D;18.12.2024 20:40;18.12.2024;META;Meta Platforms, Inc.;Zuckerberg Mark;COB, CEO, 10%;S - Sale+OE;$618.63;-22,035;0;-100%;-$13,631,555;;;;
;19.12.2024 18:37;17.12.2024;META;Meta Platforms, Inc.;Newstead Jennifer;GC;S - Sale;$626.66;-905;34,725;-3%;-$567,127;;;;
D;23.12.2024 18:12;19.12.2024;META;Meta Platforms, Inc.;Zuckerberg Mark;COB, CEO, 10%;S - Sale+OE;$603.81;-32,793;492,006;-6%;-$19,800,711;;;;
D;23.12.2024 18:15;20.12.2024;META;Meta Platforms, Inc.;Zuckerberg Mark;COB, CEO, 10%;S - Sale+OE;$601.54;-10,1;488,36;-2%;-$6,075,561;;;;
;26.12.2024 18:08;24.12.2024;META;Meta Platforms, Inc.;Newstead Jennifer;GC;S - Sale;$602.47;-905;33,82;-3%;-$545,235;;;;
D;26.12.2024 18:10;23.12.2024;META;Meta Platforms, Inc.;Zuckerberg Mark;COB, CEO, 10%;S - Sale+OE;$600.54;-35,921;475,385;-7%;-$21,571,984;;;;
;26.12.2024 18:12;23.12.2024;META;Meta Platforms, Inc.;Olivan Javier;COO;S - Sale;$590.00;-413;113,214;0%;-$243,670;;;;
D;26.12.2024 18:11;24.12.2024;META;Meta Platforms, Inc.;Zuckerberg Mark;COB, CEO, 10%;S - Sale+OE;$604.46;-35,921;462,41;-7%;-$21,712,702;;;;
D;30.12.2024 18:10;26.12.2024;META;Meta Platforms, Inc.;Zuckerberg Mark;COB, CEO, 10%;S - Sale+OE;$603.15;-35,921;449,435;-7%;-$21,665,577;;;;
D;30.12.2024 18:12;27.12.2024;META;Meta Platforms, Inc.;Zuckerberg Mark;COB, CEO, 10%;S - Sale+OE;$600.21;-2,311;448,563;-1%;-$1,387,075;;;;
;02.01.2025 18:32;30.12.2024;META;Meta Platforms, Inc.;Olivan Javier;COO;S - Sale;$589.16;-413;112,801;0%;-$243,323;;;;
;02.01.2025 18:34;31.12.2024;META;Meta Platforms, Inc.;Newstead Jennifer;GC;S - Sale;$591.76;-905;32,915;-3%;-$535,543;;;;
D;06.01.2025 18:11;02.01.2025;META;Meta Platforms, Inc.;Zuckerberg Mark;COB, CEO, 10%;S - Sale+OE;$601.51;-6,51;446,165;-1%;-$3,915,849;;;;
D;06.01.2025 18:15;03.01.2025;META;Meta Platforms, Inc.;Zuckerberg Mark;COB, CEO, 10%;S - Sale+OE;$603.98;-35,921;433,19;-8%;-$21,695,406;;;;
;08.01.2025 18:34;06.01.2025;META;Meta Platforms, Inc.;Olivan Javier;COO;S - Sale;$612.10;-413;112,388;0%;-$252,797;;;;
D;08.01.2025 20:36;06.01.2025;META;Meta Platforms, Inc.;Zuckerberg Mark;COB, CEO, 10%;S - Sale+OE;$618.45;-22,946;0;-100%;-$14,191,010;;;;
D;08.01.2025 20:39;06.01.2025;META;Meta Platforms, Inc.;Zuckerberg Mark;COB, CEO, 10%;S - Sale+OE;$618.43;-12,975;420,215;-3%;-$8,024,062;;;;
D;08.01.2025 20:40;07.01.2025;META;Meta Platforms, Inc.;Zuckerberg Mark;COB, CEO, 10%;S - Sale+OE;$618.95;-22,946;0;-100%;-$14,202,446;;;;
D;08.01.2025 20:42;08.01.2025;META;Meta Platforms, Inc.;Zuckerberg Mark;COB, CEO, 10%;S - Sale+OE;$611.10;-35,921;394,265;-8%;-$21,951,284;;;;
D;08.01.2025 20:42;07.01.2025;META;Meta Platforms, Inc.;Zuckerberg Mark;COB, CEO, 10%;S - Sale+OE;$618.91;-12,975;407,24;-3%;-$8,030,411;;;;
;10.01.2025 18:41;07.01.2025;META;Meta Platforms, Inc.;Newstead Jennifer;GC;S - Sale;$631.55;-905;32,01;-3%;-$571,553;;;;
D;13.01.2025 18:21;10.01.2025;META;Meta Platforms, Inc.;Zuckerberg Mark;COB, CEO, 10%;S - Sale+OE;$615.44;-22,946;0;-100%;-$14,121,980;;;;
D;13.01.2025 18:23;10.01.2025;META;Meta Platforms, Inc.;Zuckerberg Mark;COB, CEO, 10%;S - Sale+OE;$615.41;-12,975;381,29;-3%;-$7,984,883;;;;
;15.01.2025 18:22;13.01.2025;META;Meta Platforms, Inc.;Olivan Javier;COO;S - Sale;$606.77;-413;111,975;0%;-$250,596;;;;
D;15.01.2025 20:53;13.01.2025;META;Meta Platforms, Inc.;Zuckerberg Mark;COB, CEO, 10%;S - Sale+OE;$604.69;-35,921;368,315;-9%;-$21,720,964;;;;
D;15.01.2025 20:56;14.01.2025;META;Meta Platforms, Inc.;Zuckerberg Mark;COB, CEO, 10%;S - Sale+OE;$601.84;-4,434;366,671;-1%;-$2,668,535;;;;
D;15.01.2025 20:59;15.01.2025;META;Meta Platforms, Inc.;Zuckerberg Mark;COB, CEO, 10%;S - Sale+OE;$616.16;-35,921;353,696;-9%;-$22,132,922;;;;
;16.01.2025 18:16;14.01.2025;META;Meta Platforms, Inc.;Newstead Jennifer;GC;S - Sale;$604.54;-905;31,105;-3%;-$547,109;;;;
D;21.01.2025 18:17;16.01.2025;META;Meta Platforms, Inc.;Zuckerberg Mark;COB, CEO, 10%;S - Sale+OE;$612.93;-35,921;340,721;-10%;-$22,017,078;;;;
D;21.01.2025 18:19;17.01.2025;META;Meta Platforms, Inc.;Zuckerberg Mark;COB, CEO, 10%;S - Sale+OE;$613.85;-35,921;327,746;-10%;-$22,049,976;;;;
D;22.01.2025 20:49;21.01.2025;META;Meta Platforms, Inc.;Zuckerberg Mark;COB, CEO, 10%;S - Sale+OE;$615.87;-35,921;314,771;-10%;-$22,122,555;;;;
D;22.01.2025 20:51;22.01.2025;META;Meta Platforms, Inc.;Zuckerberg Mark;COB, CEO, 10%;S - Sale+OE;$626.80;-35,921;301,796;-11%;-$22,515,203;;;;
;23.01.2025 18:34;21.01.2025;META;Meta Platforms, Inc.;Newstead Jennifer;GC;S - Sale;$618.00;-905;30,2;-3%;-$559,290;;;;
;23.01.2025 18:36;21.01.2025;META;Meta Platforms, Inc.;Olivan Javier;COO;S - Sale;$618.00;-413;111,562;0%;-$255,234;;;;
D;27.01.2025 18:18;23.01.2025;META;Meta Platforms, Inc.;Zuckerberg Mark;COB, CEO, 10%;S - Sale+OE;$628.97;-35,921;288,821;-11%;-$22,593,215;;;;
D;27.01.2025 18:21;24.01.2025;META;Meta Platforms, Inc.;Zuckerberg Mark;COB, CEO, 10%;S - Sale+OE;$644.76;-35,921;275,846;-12%;-$23,160,574;;;;
;29.01.2025 18:21;27.01.2025;META;Meta Platforms, Inc.;Olivan Javier;COO;S - Sale;$627.59;-413;111,149;0%;-$259,195;;;;
;29.01.2025 18:22;27.01.2025;META;Meta Platforms, Inc.;Alford Peggy;Dir;S - Sale;$627.59;-773;4,522;-15%;-$485,127;;;;
D;29.01.2025 20:21;27.01.2025;META;Meta Platforms, Inc.;Zuckerberg Mark;COB, CEO, 10%;S - Sale+OE;$649.51;-13,555;262,871;-5%;-$8,804,063;;;;
D;29.01.2025 20:29;27.01.2025;META;Meta Platforms, Inc.;Zuckerberg Mark;COB, CEO, 10%;S - Sale+OE;$648.69;-22,366;580;-97%;-$14,508,487;;;;
D;29.01.2025 20:29;28.01.2025;META;Meta Platforms, Inc.;Zuckerberg Mark;COB, CEO, 10%;S - Sale+OE;$673.52;-22,946;0;-100%;-$15,454,683;;;;
D;29.01.2025 20:31;28.01.2025;META;Meta Platforms, Inc.;Zuckerberg Mark;COB, CEO, 10%;S - Sale+OE;$673.55;-12,975;249,896;-5%;-$8,739,338;;;;
D;29.01.2025 20:33;29.01.2025;META;Meta Platforms, Inc.;Zuckerberg Mark;COB, CEO, 10%;S - Sale+OE;$673.57;-35,921;236,921;-13%;-$24,195,130;;;;
;30.01.2025 18:08;28.01.2025;META;Meta Platforms, Inc.;Newstead Jennifer;GC;S - Sale;$666.00;-905;29,295;-3%;-$602,730;;;;
D;03.02.2025 18:31;30.01.2025;META;Meta Platforms, Inc.;Zuckerberg Mark;COB, CEO, 10%;S - Sale+OE;$695.27;-28,549;0;-100%;-$19,849,230;;;;
D;03.02.2025 18:34;31.01.2025;META;Meta Platforms, Inc.;Zuckerberg Mark;COB, CEO, 10%;S - Sale+OE;$697.68;-30,908;0;-100%;-$21,563,848;;;;
D;03.02.2025 18:34;30.01.2025;META;Meta Platforms, Inc.;Zuckerberg Mark;COB, CEO, 10%;S - Sale+OE;$693.07;-12,975;223,946;-5%;-$8,992,540;;;;
D;03.02.2025 18:37;31.01.2025;META;Meta Platforms, Inc.;Zuckerberg Mark;COB, CEO, 10%;S - Sale+OE;$696.39;-12,975;210,971;-6%;-$9,035,660;;;;
;05.02.2025 18:22;03.02.2025;META;Meta Platforms, Inc.;Olivan Javier;COO;S - Sale;$676.00;-413;110,736;0%;-$279,188;;;;
D;05.02.2025 20:59;04.02.2025;META;Meta Platforms, Inc.;Zuckerberg Mark;COB, CEO, 10%;S - Sale+OE;$703.21;-55,589;185,021;-23%;-$39,090,791;;;;
D;05.02.2025 21:01;03.02.2025;META;Meta Platforms, Inc.;Zuckerberg Mark;COB, CEO, 10%;S - Sale+OE;$698.16;-35,638;0;-100%;-$24,881,170;;;;
D;05.02.2025 21:03;03.02.2025;META;Meta Platforms, Inc.;Zuckerberg Mark;COB, CEO, 10%;S - Sale+OE;$696.23;-12,975;197,996;-6%;-$9,033,523;;;;
D;05.02.2025 21:06;05.02.2025;META;Meta Platforms, Inc.;Zuckerberg Mark;COB, CEO, 10%;S - Sale+OE;$706.70;-42,614;0;-100%;-$30,115,163;;;;
D;05.02.2025 21:08;05.02.2025;META;Meta Platforms, Inc.;Zuckerberg Mark;COB, CEO, 10%;S - Sale+OE;$706.72;-12,975;356,705;-4%;-$9,169,668;;;;
;06.02.2025 18:18;04.02.2025;META;Meta Platforms, Inc.;Newstead Jennifer;GC;S - Sale;$702.24;-905;28,39;-3%;-$635,527;;;;
D;10.02.2025 18:11;06.02.2025;META;Meta Platforms, Inc.;Zuckerberg Mark;COB, CEO, 10%;S - Sale+OE;$711.33;-55,589;159,071;-26%;-$39,541,824;;;;
D;10.02.2025 18:15;07.02.2025;META;Meta Platforms, Inc.;Zuckerberg Mark;COB, CEO, 10%;S - Sale+OE;$717.72;-55,589;146,096;-28%;-$39,897,067;;;;
D;12.02.2025 20:36;10.02.2025;META;Meta Platforms, Inc.;Zuckerberg Mark;COB, CEO, 10%;S - Sale+OE;$715.82;-35,795;141;-20%;-$25,622,852;;;;
D;12.02.2025 20:39;11.02.2025;META;Meta Platforms, Inc.;Zuckerberg Mark;COB, CEO, 10%;S - Sale+OE;$717.50;-19,668;141;-12%;-$14,111,832;;;;
D;12.02.2025 20:41;12.02.2025;META;Meta Platforms, Inc.;Zuckerberg Mark;COB, CEO, 10%;S - Sale+OE;$721.69;-19,668;141;-12%;-$14,194,135;;;;
;13.02.2025 18:23;11.02.2025;META;Meta Platforms, Inc.;Newstead Jennifer;GC;S - Sale;$713.32;-902;27,488;-3%;-$643,415;;;;
D;18.02.2025 18:34;13.02.2025;META;Meta Platforms, Inc.;Zuckerberg Mark;COB, CEO, 10%;S - Sale+OE;$723.78;-19,668;141;-12%;-$14,235,202;;;;
D;18.02.2025 18:36;14.02.2025;META;Meta Platforms, Inc.;Zuckerberg Mark;COB, CEO, 10%;S - Sale+OE;$734.49;-19,668;141;-12%;-$14,445,997;;;;
D;19.02.2025 18:11;15.02.2025;META;Meta Platforms, Inc.;Bosworth Andrew;CTO;S - Sale+OE;$736.67;-5,06;77,65;-6%;-$3,727,550;;;;
D;19.02.2025 18:14;15.02.2025;META;Meta Platforms, Inc.;Li Susan J;CFO;S - Sale+OE;$736.67;-8,553;88,8;-9%;-$6,300,739;;;;
D;19.02.2025 18:15;18.02.2025;META;Meta Platforms, Inc.;Newstead Jennifer;GC;S - Sale+OE;$736.07;-921;35,787;-3%;-$677,920;;;;
DM;19.02.2025 18:17;15.02.2025;META;Meta Platforms, Inc.;Olivan Javier;COO;S - Sale+OE;$736.60;-5,314;120,614;-4%;-$3,914,300;;;;
D;19.02.2025 20:33;18.02.2025;META;Meta Platforms, Inc.;Zuckerberg Mark;COB, CEO, 10%;S - Sale+OE;$716.99;-19,668;141;-12%;-$14,101,806;;;;
D;19.02.2025 20:39;19.02.2025;META;Meta Platforms, Inc.;Zuckerberg Mark;COB, CEO, 10%;S - Sale+OE;$703.21;-19,668;141;-12%;-$13,830,817;;;;
D;24.02.2025 18:12;20.02.2025;META;Meta Platforms, Inc.;Zuckerberg Mark;COB, CEO, 10%;S - Sale+OE;$701.85;-3,563;141;-2%;-$2,500,674;;;;
D;24.02.2025 18:17;21.02.2025;META;Meta Platforms, Inc.;Zuckerberg Mark;COB, CEO, 10%;S - Sale+OE;$701.10;-3,523;141;-2%;-$2,469,973;;;;
;26.02.2025 18:48;24.02.2025;META;Meta Platforms, Inc.;Olivan Javier;COO;S - Sale;$686.28;-608;120,006;-1%;-$417,258;;;;
;27.02.2025 18:40;25.02.2025;META;Meta Platforms, Inc.;Newstead Jennifer;GC;S - Sale;$665.75;-921;34,866;-3%;-$613,156;;;;
;28.02.2025 18:30;26.02.2025;META;Meta Platforms, Inc.;Cox Christopher K;Chief Product Officer;S - Sale;$664.68;-20;383,732;-5%;-$13,293,600;;;;
;03.03.2025 18:25;27.02.2025;META;Meta Platforms, Inc.;Cox Christopher K;Chief Product Officer;S - Sale;$677.71;-20;363,732;-5%;-$13,554,116;;;;
;04.03.2025 19:40;28.02.2025;META;Meta Platforms, Inc.;Cox Christopher K;Chief Product Officer;S - Sale;$653.04;-20;343,732;-5%;-$13,060,849;;;;
;05.03.2025 18:29;03.03.2025;META;Meta Platforms, Inc.;Olivan Javier;COO;S - Sale;$673.96;-608;119,398;-1%;-$409,768;;;;
;06.03.2025 18:32;04.03.2025;META;Meta Platforms, Inc.;Newstead Jennifer;GC;S - Sale;$644.00;-921;33,945;-3%;-$593,124;;;;
;12.03.2025 19:39;10.03.2025;META;Meta Platforms, Inc.;Olivan Javier;COO;S - Sale;$609.00;-608;118,79;-1%;-$370,272;;;;
;13.03.2025 18:20;11.03.2025;META;Meta Platforms, Inc.;Newstead Jennifer;GC;S - Sale;$595.00;-921;33,024;-3%;-$547,995;;;;
;19.03.2025 18:17;17.03.2025;META;Meta Platforms, Inc.;Olivan Javier;COO;S - Sale;$607.50;-608;118,182;-1%;-$369,360;;;;
;20.03.2025 18:18;18.03.2025;META;Meta Platforms, Inc.;Newstead Jennifer;GC;S - Sale;$600.25;-921;32,103;-3%;-$552,830;;;;
;27.03.2025 18:06;25.03.2025;META;Meta Platforms, Inc.;Newstead Jennifer;GC;S - Sale;$627.05;-921;31,182;-3%;-$577,513;;;;
;26.03.2025 18:31;24.03.2025;META;Meta Platforms, Inc.;Olivan Javier;COO;S - Sale;$614.97;-608;117,574;-1%;-$373,902;;;;
;02.04.2025 18:14;31.03.2025;META;Meta Platforms, Inc.;Olivan Javier;COO;S - Sale;$563.03;-608;116,966;-1%;-$342,322;;;;
;03.04.2025 20:02;01.04.2025;META;Meta Platforms, Inc.;Newstead Jennifer;GC;S - Sale;$570.66;-921;30,261;-3%;-$525,578;;;;
;09.04.2025 18:09;07.04.2025;META;Meta Platforms, Inc.;Olivan Javier;COO;S - Sale;$488.18;-608;116,358;-1%;-$296,814;;;;
;10.04.2025 18:37;08.04.2025;META;Meta Platforms, Inc.;Newstead Jennifer;GC;S - Sale;$543.39;-921;29,34;-3%;-$500,462;;;;
;16.04.2025 18:16;14.04.2025;META;Meta Platforms, Inc.;Olivan Javier;COO;S - Sale;$556.45;-608;115,75;-1%;-$338,322;;;;
;17.04.2025 18:06;15.04.2025;META;Meta Platforms, Inc.;Newstead Jennifer;GC;S - Sale;$531.22;-921;28,419;-3%;-$489,254;;;;
M;23.04.2025 18:40;21.04.2025;META;Meta Platforms, Inc.;Olivan Javier;COO;S - Sale;$494.45;-608;115,142;-1%;-$300,626;;;;
;24.04.2025 19:27;22.04.2025;META;Meta Platforms, Inc.;Newstead Jennifer;GC;S - Sale;$491.87;-921;27,498;-3%;-$453,012;;;;
;30.04.2025 18:15;28.04.2025;META;Meta Platforms, Inc.;Olivan Javier;COO;S - Sale;$555.54;-608;114,534;-1%;-$337,768;;;;
;01.05.2025 18:45;29.04.2025;META;Meta Platforms, Inc.;Newstead Jennifer;GC;S - Sale;$545.17;-921;26,577;-3%;-$502,102;;;;
;06.05.2025 18:21;02.05.2025;META;Meta Platforms, Inc.;Alford Peggy;Dir;S - Sale;$583.18;-700;3,822;-15%;-$408,224;;;;
;07.05.2025 18:07;05.05.2025;META;Meta Platforms, Inc.;Olivan Javier;COO;S - Sale;$592.00;-608;113,926;-1%;-$359,936;;;;
;08.05.2025 18:17;06.05.2025;META;Meta Platforms, Inc.;Newstead Jennifer;GC;S - Sale;$592.52;-921;25,656;-3%;-$545,711;;;;
;14.05.2025 18:14;12.05.2025;META;Meta Platforms, Inc.;Olivan Javier;COO;S - Sale;$631.25;-608;113,318;-1%;-$383,800;;;;
;15.05.2025 18:42;13.05.2025;META;Meta Platforms, Inc.;Newstead Jennifer;GC;S - Sale;$645.77;-907;24,749;-4%;-$585,713;;;;
D;19.05.2025 20:21;15.05.2025;META;Meta Platforms, Inc.;Li Susan J;CFO;S - Sale+OE;$659.36;-6,874;107,129;-6%;-$4,532,441;;;;
D;19.05.2025 20:20;15.05.2025;META;Meta Platforms, Inc.;Olivan Javier;COO;S - Sale+OE;$659.36;-2,615;122,208;-2%;-$1,724,226;;;;
DM;19.05.2025 20:23;15.05.2025;META;Meta Platforms, Inc.;Bosworth Andrew;CTO;S - Sale+OE;$640.99;-27,506;67,512;-29%;-$17,631,099;;;;
D;19.05.2025 21:18;16.05.2025;META;Meta Platforms, Inc.;Newstead Jennifer;GC;S - Sale+OE;$636.73;-519;31,259;-2%;-$330,460;;;;
;21.05.2025 18:34;19.05.2025;META;Meta Platforms, Inc.;Kimmitt Robert M;Dir;S - Sale;$628.25;-475;10,272;-4%;-$298,419;;;;
;21.05.2025 19:03;19.05.2025;META;Meta Platforms, Inc.;Olivan Javier;COO;S - Sale;$628.25;-517;121,691;0%;-$324,805;;;;
;22.05.2025 18:11;20.05.2025;META;Meta Platforms, Inc.;Newstead Jennifer;GC;S - Sale;$635.50;-519;30,74;-2%;-$329,825;;;;
;29.05.2025 18:08;27.05.2025;META;Meta Platforms, Inc.;Olivan Javier;COO;S - Sale;$635.41;-517;121,174;0%;-$328,507;;;;
;29.05.2025 18:13;27.05.2025;META;Meta Platforms, Inc.;Newstead Jennifer;GC;S - Sale;$635.41;-519;30,221;-2%;-$329,778;;;;
;12.11.2024 18:17;12.11.2024;MSFT;Microsoft Corp;Young Christopher David;EVP, Business Development;S - Sale;$423.66;-7,2;104,866;-6%;-$3,050,340;;;;
;25.11.2024 18:08;22.11.2024;MSFT;Microsoft Corp;Althoff Judson;EVP, Chief Commercial Officer;S - Sale;$417.00;-25;117,294;-18%;-$10,425,000;;;;
;25.11.2024 18:09;22.11.2024;MSFT;Microsoft Corp;Numoto Takeshi;EVP, CMO;S - Sale;$414.72;-1;57,511;-2%;-$414,720;;;;
M;02.12.2024 18:02;27.11.2024;MSFT;Microsoft Corp;Numoto Takeshi;EVP, CMO;S - Sale;$428.76;-3,5;53,852;-6%;-$1,500,663;;;;
;05.12.2024 17:53;04.12.2024;MSFT;Microsoft Corp;Numoto Takeshi;EVP, CMO;S - Sale;$437.32;-2;51,852;-4%;-$874,634;;;;
;10.12.2024 18:21;09.12.2024;MSFT;Microsoft Corp;Numoto Takeshi;EVP, CMO;S - Sale;$447.41;-2,5;49,352;-5%;-$1,118,530;;;;
M;06.05.2025 18:16;02.05.2025;MSFT;Microsoft Corp;Smith Bradford L;Vice Chair, Pres;S - Sale;$435.84;-81;471,036;-15%;-$35,302,945;;;;
;16.05.2025 18:07;15.05.2025;MSFT;Microsoft Corp;Coleman Amy;EVP, Chief HR Off;S - Sale;$452.01;-13,243;43,1;-24%;-$5,985,886;;;;
;20.05.2025 18:01;19.05.2025;MSFT;Microsoft Corp;Althoff Judson;EVP, Chief Commercial Officer;S - Sale;$458.18;-16;98,01;-14%;-$7,330,817;;;;
;22.05.2025 18:06;21.05.2025;MSFT;Microsoft Corp;Hogan Kathleen T;EVP, Strategy;S - Sale;$453.78;-21,5;134,888;-14%;-$9,756,152;;;;
;26.12.2024 16:30;20.12.2024;MU;Micron Technology Inc;Arnzen April S;EVP, Chief People Officer;S - Sale;$85.21;-4,89;181,223;-3%;-$416,677;;;;
;10.01.2025 16:27;07.01.2025;MU;Micron Technology Inc;Allen Scott R.;CVP, Chief Accounting Officer;S - Sale;$101.76;-5;54,518;-8%;-$508,800;;;;
;19.02.2025 17:50;14.02.2025;MU;Micron Technology Inc;Ray Michael Charles;SVP, GC;S - Sale;$100.00;-6,525;98,962;-6%;-$652,500;;;;
;19.02.2025 17:51;14.02.2025;MU;Micron Technology Inc;Deboer Scott J;EVP, CTO, Products Officer;S - Sale;$100.00;-23,047;208,666;-10%;-$2,304,700;;;;
M;19.02.2025 17:52;14.02.2025;MU;Micron Technology Inc;Mehrotra Sanjay;Pres, CEO;S - Sale;$104.67;-7,5;1,079,202;-1%;-$784,986;;;;
;05.03.2025 17:26;03.03.2025;MU;Micron Technology Inc;McCarthy Mary Pat;Dir;S - Sale;$92.93;-2,404;27,358;-8%;-$223,393;;;;
;18.03.2025 17:06;14.03.2025;MU;Micron Technology Inc;Ray Michael Charles;SVP, GC;S - Sale;$100.00;-6,525;92,437;-7%;-$652,500;;;;
;27.03.2025 18:56;25.03.2025;MU;Micron Technology Inc;Arnzen April S;EVP, Chief People Officer;S - Sale;$96.18;-15;164,769;-8%;-$1,442,700;;;;
;06.05.2025 17:34;02.05.2025;MU;Micron Technology Inc;McCarthy Mary Pat;Dir;S - Sale;$80.00;-2,404;24,954;-9%;-$192,320;;;;
;06.11.2024 16:18;04.11.2024;NOW;Servicenow, Inc.;Mastantuono Gina;CFO;S - Sale;$958.41;-3,667;10,984;-25%;-$3,514,471;;;;
;12.11.2024 16:27;07.11.2024;NOW;Servicenow, Inc.;Miller Jeffrey A;Dir;S - Sale;$1,019.12;-2,879;42,92;-6%;-$2,934,046;;;;
D;12.11.2024 16:27;08.11.2024;NOW;Servicenow, Inc.;Smith Paul John;Chief Commercial Officer;S - Sale+OE;$1,012.72;-192;7,544;-2%;-$194,442;;;;
D;12.11.2024 16:28;08.11.2024;NOW;Servicenow, Inc.;Canney Jacqueline P;Chief People Officer;S - Sale+OE;$1,010.94;-76;3,027;-2%;-$76,831;;;;
DM;14.11.2024 17:38;12.11.2024;NOW;Servicenow, Inc.;Smith Paul John;Chief Commercial Officer;S - Sale+OE;$1,042.13;-4,965;2,806;-64%;-$5,174,194;;;;
D;14.11.2024 17:38;13.11.2024;NOW;Servicenow, Inc.;Canney Jacqueline P;Chief People Officer;S - Sale+OE;$1,048.29;-66;3,027;-2%;-$69,187;;;;
;18.11.2024 16:07;14.11.2024;NOW;Servicenow, Inc.;Smith Paul John;Chief Commercial Officer;S - Sale;$1,049.66;-52;2,754;-2%;-$54,582;;;;
D;19.11.2024 17:38;15.11.2024;NOW;Servicenow, Inc.;McBride Kevin Thomas;Principal Accounting Officer;S - Sale+OE;$1,023.97;-100;3,481;-3%;-$102,397;;;;
D;19.11.2024 17:38;18.11.2024;NOW;Servicenow, Inc.;Smith Paul John;Chief Commercial Officer;S - Sale+OE;$1,014.36;-211;2,931;-7%;-$214,030;;;;
DM;19.11.2024 17:38;15.11.2024;NOW;Servicenow, Inc.;Elmer Russell S;GC;S - Sale+OE;$1,023.66;-1,948;6,843;-22%;-$1,994,092;;;;
D;19.11.2024 17:38;18.11.2024;NOW;Servicenow, Inc.;Canney Jacqueline P;Chief People Officer;S - Sale+OE;$1,016.54;-94;3,027;-3%;-$95,555;;;;
;21.11.2024 17:26;19.11.2024;NOW;Servicenow, Inc.;McDermott William R;COB, CEO;S - Sale;$997.67;-24,567;7,476;-77%;-$24,509,759;;;;
;21.11.2024 17:26;19.11.2024;NOW;Servicenow, Inc.;Smith Paul John;Chief Commercial Officer;S - Sale;$997.67;-89;2,842;-3%;-$88,793;;;;
;27.11.2024 16:07;25.11.2024;NOW;Servicenow, Inc.;Tzitzon Nicholas;Chief Strat, Corp Affairs Ofc;S - Sale;$1,064.60;-313;3,649;-8%;-$333,220;;;;
;27.11.2024 16:06;25.11.2024;NOW;Servicenow, Inc.;Sands Anita M;Dir;S - Sale;$1,064.60;-2,229;11;-17%;-$2,372,993;;;;
;03.12.2024 16:24;29.11.2024;NOW;Servicenow, Inc.;Chamberlain Paul Edward;Dir;S - Sale;$1,047.95;-300;10,467;-3%;-$314,385;;;;
D;17.01.2025 16:33;16.01.2025;NOW;Servicenow, Inc.;Canney Jacqueline P;Chief People Officer;S - Sale+OE;$1,058.54;-455;3,027;-13%;-$481,636;;;;
;05.02.2025 16:37;04.02.2025;NOW;Servicenow, Inc.;Quinlan Larry;Dir;S - Sale;$1,007.41;-415;1,737;-19%;-$418,073;;;;
;05.02.2025 16:37;03.02.2025;NOW;Servicenow, Inc.;Elmer Russell S;GC;S - Sale;$1,012.09;-2,511;4,332;-37%;-$2,541,358;;;;
D;11.02.2025 16:10;10.02.2025;NOW;Servicenow, Inc.;Smith Paul John;Chief Commercial Officer;S - Sale+OE;$1,024.82;-417;3,475;-11%;-$427,348;;;;
D;11.02.2025 16:11;10.02.2025;NOW;Servicenow, Inc.;McDermott William R;COB, CEO;S - Sale+OE;$1,019.10;-1,263;7,476;-14%;-$1,287,125;;;;
D;11.02.2025 16:11;10.02.2025;NOW;Servicenow, Inc.;Canney Jacqueline P;Chief People Officer;S - Sale+OE;$1,017.55;-292;3,027;-9%;-$297,125;;;;
D;11.02.2025 16:10;10.02.2025;NOW;Servicenow, Inc.;Elmer Russell S;GC;S - Sale+OE;$1,017.55;-336;4,332;-7%;-$341,897;;;;
;11.02.2025 16:11;07.02.2025;NOW;Servicenow, Inc.;Miller Jeffrey A;Dir;S - Sale;$1,030.64;-2,282;41,066;-5%;-$2,351,920;;;;
D;12.02.2025 16:56;11.02.2025;NOW;Servicenow, Inc.;Smith Paul John;Chief Commercial Officer;S - Sale+OE;$1,015.00;-454;3,021;-13%;-$460,810;;;;
;12.02.2025 16:55;11.02.2025;NOW;Servicenow, Inc.;Quinlan Larry;Dir;S - Sale;$1,010.46;-415;1,322;-24%;-$419,339;;;;
;14.02.2025 16:07;13.02.2025;NOW;Servicenow, Inc.;Chamberlain Paul Edward;Dir;S - Sale;$982.40;-300;10,167;-3%;-$294,720;;;;
D;14.02.2025 16:07;13.02.2025;NOW;Servicenow, Inc.;Elmer Russell S;GC;S - Sale+OE;$982.40;-1,658;4,332;-28%;-$1,628,819;;;;
D;14.02.2025 16:06;13.02.2025;NOW;Servicenow, Inc.;Smith Paul John;Chief Commercial Officer;S - Sale+OE;$977.63;-2,88;5,388;-35%;-$2,815,574;;;;
;14.02.2025 16:06;13.02.2025;NOW;Servicenow, Inc.;McBride Kevin Thomas;Principal Accounting Officer;S - Sale;$982.40;-100;4,147;-2%;-$98,240;;;;
D;14.02.2025 16:06;13.02.2025;NOW;Servicenow, Inc.;Canney Jacqueline P;Chief People Officer;S - Sale+OE;$982.40;-1,54;3,027;-34%;-$1,512,896;;;;
D;14.02.2025 16:07;13.02.2025;NOW;Servicenow, Inc.;McDermott William R;COB, CEO;S - Sale+OE;$980.65;-6,981;7,476;-48%;-$6,845,939;;;;
D;19.02.2025 16:44;18.02.2025;NOW;Servicenow, Inc.;McDermott William R;COB, CEO;S - Sale+OE;$986.64;-384;11,495;-3%;-$378,870;;;;
D;19.02.2025 16:45;18.02.2025;NOW;Servicenow, Inc.;Elmer Russell S;GC;S - Sale+OE;$988.00;-1,023;4,332;-19%;-$1,010,724;;;;
DM;19.02.2025 16:45;14.02.2025;NOW;Servicenow, Inc.;Smith Paul John;Pres, Global Cust.,Field Ops;S - Sale+OE;$980.06;-3,588;6,244;-36%;-$3,516,454;;;;
D;19.02.2025 16:45;18.02.2025;NOW;Servicenow, Inc.;Canney Jacqueline P;Chief People, AI Enblmt. Offic;S - Sale+OE;$988.00;-1,088;3,027;-26%;-$1,074,944;;;;
;21.02.2025 16:13;19.02.2025;NOW;Servicenow, Inc.;Smith Paul John;Pres, Global Cust.,Field Ops;S - Sale;$987.22;-1,02;5,224;-16%;-$1,006,965;;;;
;25.02.2025 19:58;21.02.2025;NOW;Servicenow, Inc.;Mastantuono Gina;Pres, CFO;S - Sale;$964.70;-4,442;11,126;-29%;-$4,285,197;;;;
;27.02.2025 16:50;25.02.2025;NOW;Servicenow, Inc.;Tzitzon Nicholas;Vice COB;S - Sale;$923.72;-2,945;3,649;-45%;-$2,720,355;;;;
;03.03.2025 16:43;27.02.2025;NOW;Servicenow, Inc.;Black Deborah;Dir;S - Sale;$943.55;-58;1,026;-5%;-$54,726;;;;
D;17.04.2025 16:58;16.04.2025;NOW;Servicenow, Inc.;Canney Jacqueline P;Chief People, AI Enblmt. Offic;S - Sale+OE;$804.61;-354;3,027;-10%;-$284,832;;;;
;29.04.2025 16:13;28.04.2025;NOW;Servicenow, Inc.;Chadwick Jonathan;Dir;S - Sale;$931.63;-770;3,205;-19%;-$717,351;;;;
;29.04.2025 16:13;25.04.2025;NOW;Servicenow, Inc.;Black Deborah;Dir;S - Sale;$940.23;-598;428;-58%;-$562,255;;;;
D;09.05.2025 20:35;08.05.2025;NOW;Servicenow, Inc.;Canney Jacqueline P;Chief People, AI Enblmt. Offic;S - Sale+OE;$985.00;-257;3,027;-8%;-$253,145;;;;
D;09.05.2025 20:37;08.05.2025;NOW;Servicenow, Inc.;Elmer Russell S;GC;S - Sale+OE;$985.00;-191;4,332;-4%;-$188,135;;;;
D;09.05.2025 20:36;08.05.2025;NOW;Servicenow, Inc.;Mastantuono Gina;Pres, CFO;S - Sale+OE;$985.00;-292;11,198;-3%;-$287,620;;;;
D;14.05.2025 16:28;13.05.2025;NOW;Servicenow, Inc.;Elmer Russell S;GC;S - Sale+OE;$1,023.00;-62;4,332;-1%;-$63,426;;;;
D;14.05.2025 16:28;13.05.2025;NOW;Servicenow, Inc.;Canney Jacqueline P;Chief People, AI Enblmt. Offic;S - Sale+OE;$1,023.00;-66;3,027;-2%;-$67,518;;;;
D;14.05.2025 16:28;13.05.2025;NOW;Servicenow, Inc.;Mastantuono Gina;Pres, CFO;S - Sale+OE;$1,023.00;-84;11,218;-1%;-$85,932;;;;
;19.05.2025 16:26;15.05.2025;NOW;Servicenow, Inc.;Chamberlain Paul Edward;Dir;S - Sale;$1,034.42;-300;9,867;-3%;-$310,326;;;;
D;20.05.2025 16:20;19.05.2025;NOW;Servicenow, Inc.;Mastantuono Gina;Pres, CFO;S - Sale+OE;$1,030.25;-118;11,464;-1%;-$121,570;;;;
D;20.05.2025 16:21;19.05.2025;NOW;Servicenow, Inc.;Canney Jacqueline P;Chief People, AI Enblmt. Offic;S - Sale+OE;$1,030.25;-94;3,172;-3%;-$96,844;;;;
D;20.05.2025 16:20;19.05.2025;NOW;Servicenow, Inc.;Elmer Russell S;GC;S - Sale+OE;$1,030.25;-81;4,442;-2%;-$83,450;;;;
;27.05.2025 16:32;23.05.2025;NOW;Servicenow, Inc.;Luddy Frederic B;Dir;S - Sale;$1,000.00;-428;157,547;0%;-$428,000;;;;
;29.05.2025 16:29;27.05.2025;NOW;Servicenow, Inc.;Briggs Teresa;Dir;S - Sale;$1,013.61;-214;1,869;-10%;-$216,913;;;;
;29.05.2025 16:29;27.05.2025;NOW;Servicenow, Inc.;Sands Anita M;Dir;S - Sale;$1,013.61;-428;10,891;-4%;-$433,825;;;;
;27.11.2024 16:59;25.11.2024;NVDA;Nvidia Corp;Dabiri John;Dir;S - Sale;$142.00;-716;19,942;-3%;-$101,672;;;;
;13.12.2024 19:48;13.12.2024;NVDA;Nvidia Corp;Robertson Donald F Jr;Principal Accounting Officer;S - Sale;$135.28;-4,5;480,899;-1%;-$608,775;;;;
;13.12.2024 19:52;13.12.2024;NVDA;Nvidia Corp;Kress Colette;EVP, CFO;S - Sale;$135.40;-66,67;5,594,604;-1%;-$9,027,318;;;;
;18.12.2024 17:42;16.12.2024;NVDA;Nvidia Corp;Coxe Tench;Dir;S - Sale;$131.26;-1,000,000;32,578,208;-3%;-$131,263,863;;;;
M;08.01.2025 18:04;06.01.2025;NVDA;Nvidia Corp;Puri Ajay K;EVP, Worldwide Field Ops;S - Sale;$151.11;-36,695;4,808,573;-1%;-$5,544,783;;;;
;12.03.2025 18:52;10.03.2025;NVDA;Nvidia Corp;Dabiri John;Dir;S - Sale;$110.00;-2,663;17,279;-13%;-$292,930;;;;
;17.03.2025 18:00;13.03.2025;NVDA;Nvidia Corp;Burgess Robert K;Dir;S - Sale;$115.49;-53,324;251,044;-18%;-$6,158,405;;;;
;21.03.2025 20:42;21.03.2025;NVDA;Nvidia Corp;Kress Colette;EVP, CFO;S - Sale;$116.83;-66,66;5,557,111;-1%;-$7,787,993;;;;
;21.03.2025 20:44;20.03.2025;NVDA;Nvidia Corp;Shah Aarti S.;Dir;S - Sale;$118.42;-20;53,208;-27%;-$2,368,377;;;;
;25.03.2025 17:21;21.03.2025;NVDA;Nvidia Corp;Robertson Donald F Jr;Principal Accounting Officer;S - Sale;$116.80;-4,5;479,428;-1%;-$525,585;;;;
DM;24.01.2025 20:41;22.01.2025;ORCL;Oracle Corp;Catz Safra;CEO;S - Sale+OE;$185.40;-3,805,082;1,118,592;-77%;-$705,455,414;;;;
;14.02.2025 16:41;12.02.2025;ORCL;Oracle Corp;Moorman Charles W;Dir;P - Purchase;$172.35;5,5;88,543;7%;+$947,913;;;;
M;21.03.2025 20:43;24.02.2021;ORCL;Oracle Corp;Boskin Michael J;Dir;P - Purchase;$66.08;1,682;93,458;2%;+$111,145;;;;
;04.04.2025 17:23;02.04.2025;ORCL;Oracle Corp;Seligman Naomi O;Dir;S - Sale;$145.81;-2;55,054;-4%;-$291,620;;;;
D;15.04.2025 17:21;11.04.2025;ORCL;Oracle Corp;Panetta Leon E;Dir;S - Sale+OE;$129.77;-5;58,09;-8%;-$648,850;;;;
D;06.05.2025 16:43;02.05.2025;ORCL;Oracle Corp;Panetta Leon E;Dir;S - Sale+OE;$151.24;-17,5;58,09;-23%;-$2,646,651;;;;
;06.05.2025 18:05;05.05.2025;ORCL;Oracle Corp;Seligman Naomi O;Dir;S - Sale;$149.53;-2,866;52,188;-5%;-$428,562;;;;
;05.11.2024 20:15;01.11.2024;PLTR;Palantir Technologies Inc.;Moore Alexander D.;Dir;S - Sale;$42.12;-20;1,470,630;-1%;-$842,318;;;;
DM;07.11.2024 20:02;05.11.2024;PLTR;Palantir Technologies Inc.;Karp Alexander C.;See Remarks;S - Sale+OE;$52.71;-12,343,707;6,432,258;-66%;-$650,638,388;;;;
D;07.11.2024 20:03;05.11.2024;PLTR;Palantir Technologies Inc.;Planishek Heather A.;See Remarks;S - Sale+OE;$49.96;-20;570,136;-3%;-$999,250;;;;
;07.11.2024 20:05;05.11.2024;PLTR;Palantir Technologies Inc.;Stat Lauren Elaina Friedman;Dir;S - Sale;$50.49;-8,054;193,189;-4%;-$406,646;;;;
;12.11.2024 19:37;08.11.2024;PLTR;Palantir Technologies Inc.;Stat Lauren Elaina Friedman;Dir;S - Sale;$58.06;-8,86;184,329;-5%;-$514,412;;;;
DM;15.11.2024 20:15;13.11.2024;PLTR;Palantir Technologies Inc.;Karp Alexander C.;See Remarks;S - Sale+OE;$63.11;-6,323,602;6,432,258;-50%;-$399,064,043;;;;
DM;20.11.2024 20:34;18.11.2024;PLTR;Palantir Technologies Inc.;Karp Alexander C.;See Remarks;S - Sale+OE;$63.85;-1,144,069;6,432,258;-15%;-$73,044,303;;;;
DM;22.11.2024 20:12;20.11.2024;PLTR;Palantir Technologies Inc.;Karp Alexander C.;See Remarks;S - Sale+OE;$62.96;-2,507,329;6,432,258;-28%;-$157,860,428;;;;
DM;22.11.2024 20:13;20.11.2024;PLTR;Palantir Technologies Inc.;Cohen Stephen Andrew;See Remarks;S - Sale+OE;$61.80;-348,809;592;-100%;-$21,555,678;;;;
DM;22.11.2024 20:15;20.11.2024;PLTR;Palantir Technologies Inc.;Sankar Shyam;See Remarks;S - Sale+OE;$61.80;-169,017;1,502,685;-10%;-$10,444,904;;;;
M;22.11.2024 20:17;20.11.2024;PLTR;Palantir Technologies Inc.;Taylor Ryan D.;See Remarks;S - Sale;$61.80;-77,109;254,26;-23%;-$4,765,179;;;;
M;22.11.2024 20:16;20.11.2024;PLTR;Palantir Technologies Inc.;Glazer David A.;See Remarks;S - Sale;$61.80;-66,785;293,411;-19%;-$4,127,176;;;;
M;22.11.2024 20:18;20.11.2024;PLTR;Palantir Technologies Inc.;Planishek Heather A.;See Remarks;S - Sale;$61.80;-22,218;547,918;-4%;-$1,373,027;;;;
;27.11.2024 16:19;25.11.2024;PLTR;Palantir Technologies Inc.;Stat Lauren Elaina Friedman;Dir;S - Sale;$66.77;-9,746;174,583;-5%;-$650,740;;;;
DM;03.12.2024 20:13;29.11.2024;PLTR;Palantir Technologies Inc.;Sankar Shyam;See Remarks;S - Sale+OE;$70.06;-5,280,000;1,502,685;-78%;-$369,908,300;;;;
;04.12.2024 20:06;02.12.2024;PLTR;Palantir Technologies Inc.;Moore Alexander D.;Dir;S - Sale;$66.72;-20;1,450,630;-1%;-$1,334,308;;;;
;06.12.2024 20:00;04.12.2024;PLTR;Palantir Technologies Inc.;Planishek Heather A.;See Remarks;S - Sale;$69.38;-13,891;534,027;-3%;-$963,826;;;;
;10.12.2024 20:02;06.12.2024;PLTR;Palantir Technologies Inc.;Stat Lauren Elaina Friedman;Dir;S - Sale;$76.78;-10,721;163,862;-6%;-$823,158;;;;
DM;13.12.2024 20:06;11.12.2024;PLTR;Palantir Technologies Inc.;Cohen Stephen Andrew;See Remarks;S - Sale+OE;$72.82;-1,316,053;592;-100%;-$95,838,067;;;;
D;16.12.2024 20:03;12.12.2024;PLTR;Palantir Technologies Inc.;Glazer David A.;See Remarks;S - Sale+OE;$73.30;-315,126;293,411;-52%;-$23,099,147;;;;
D;06.01.2025 20:06;02.01.2025;PLTR;Palantir Technologies Inc.;Taylor Ryan D.;See Remarks;S - Sale+OE;$74.48;-483,987;170,273;-74%;-$36,046,086;;;;
D;06.01.2025 20:05;02.01.2025;PLTR;Palantir Technologies Inc.;Glazer David A.;See Remarks;S - Sale+OE;$72.97;-96,273;293,411;-25%;-$7,024,559;;;;
;06.01.2025 20:07;02.01.2025;PLTR;Palantir Technologies Inc.;Moore Alexander D.;Dir;S - Sale;$74.51;-20;1,430,630;-1%;-$1,490,101;;;;
;06.01.2025 20:08;02.01.2025;PLTR;Palantir Technologies Inc.;Stat Lauren Elaina Friedman;Dir;S - Sale;$76.29;-1,8;162,062;-1%;-$137,322;;;;
;10.01.2025 20:01;07.01.2025;PLTR;Palantir Technologies Inc.;Schiff Alexandra W.;Dir;S - Sale;$71.64;-4;195,393;-2%;-$286,540;;;;
;05.02.2025 20:02;03.02.2025;PLTR;Palantir Technologies Inc.;Moore Alexander D.;Dir;S - Sale;$81.46;-20;1,410,630;-1%;-$1,629,103;;;;
;06.02.2025 20:04;04.02.2025;PLTR;Palantir Technologies Inc.;Schiff Alexandra W.;Dir;S - Sale;$103.83;-4;191,393;-2%;-$415,318;;;;
;06.02.2025 20:05;04.02.2025;PLTR;Palantir Technologies Inc.;Stat Lauren Elaina Friedman;Dir;S - Sale;$102.80;-11,794;150,268;-7%;-$1,212,423;;;;
;13.02.2025 20:09;11.02.2025;PLTR;Palantir Technologies Inc.;Planishek Heather A.;See Remarks;S - Sale;$115.96;-13,891;520,136;-3%;-$1,610,745;;;;
DM;24.02.2025 20:36;20.02.2025;PLTR;Palantir Technologies Inc.;Karp Alexander C.;See Remarks;S - Sale+OE;$103.01;-432,565;6,432,258;-6%;-$44,557,681;;;;
DM;24.02.2025 20:37;20.02.2025;PLTR;Palantir Technologies Inc.;Cohen Stephen Andrew;See Remarks;S - Sale+OE;$102.62;-675;592;-100%;-$69,269,088;;;;
D;24.02.2025 20:39;20.02.2025;PLTR;Palantir Technologies Inc.;Sankar Shyam;See Remarks;S - Sale+OE;$102.47;-375;1,452,685;-21%;-$38,426,081;;;;
DM;24.02.2025 20:41;20.02.2025;PLTR;Palantir Technologies Inc.;Sankar Shyam;See Remarks;S - Sale+OE;$101.51;-211,024;1,452,685;-13%;-$21,419,899;;;;
M;24.02.2025 20:42;20.02.2025;PLTR;Palantir Technologies Inc.;Planishek Heather A.;See Remarks;S - Sale;$103.01;-22,405;497,731;-4%;-$2,307,897;;;;
;05.03.2025 20:12;03.03.2025;PLTR;Palantir Technologies Inc.;Moore Alexander D.;Dir;S - Sale;$87.19;-20;1,390,630;-1%;-$1,743,735;;;;
;07.03.2025 20:09;05.03.2025;PLTR;Palantir Technologies Inc.;Schiff Alexandra W.;Dir;S - Sale;$86.63;-6,776;184,617;-4%;-$587,010;;;;
DM;14.03.2025 20:33;12.03.2025;PLTR;Palantir Technologies Inc.;Cohen Stephen Andrew;See Remarks;S - Sale+OE;$82.73;-3,750,000;592;-100%;-$310,248,337;;;;
D;19.03.2025 20:09;17.03.2025;PLTR;Palantir Technologies Inc.;Cohen Stephen Andrew;See Remarks;S - Sale+OE;$87.07;-310;592;-100%;-$26,991,578;;;;
D;02.04.2025 20:05;31.03.2025;PLTR;Palantir Technologies Inc.;Taylor Ryan D.;See Remarks;S - Sale+OE;$82.80;-98,177;403,171;-20%;-$8,129,081;;;;
;03.04.2025 20:11;01.04.2025;PLTR;Palantir Technologies Inc.;Moore Alexander D.;Dir;S - Sale;$83.83;-20;1,370,630;-1%;-$1,676,580;;;;
;07.04.2025 20:06;03.04.2025;PLTR;Palantir Technologies Inc.;Stat Lauren Elaina Friedman;Dir;S - Sale;$81.25;-800;149,468;-1%;-$65,000;;;;
;05.05.2025 20:07;01.05.2025;PLTR;Palantir Technologies Inc.;Moore Alexander D.;Dir;S - Sale;$118.58;-20;1,350,630;-1%;-$2,371,690;;;;
;12.05.2025 19:57;08.05.2025;PLTR;Palantir Technologies Inc.;Planishek Heather A.;See Remarks;P - Purchase;$116.14;10;66,136;18%;+$1,161,400;;;;
DM;22.05.2025 20:19;20.05.2025;PLTR;Palantir Technologies Inc.;Karp Alexander C.;See Remarks;S - Sale+OE;$126.35;-398,807;6,432,258;-6%;-$50,389,568;;;;
DM;22.05.2025 20:21;20.05.2025;PLTR;Palantir Technologies Inc.;Sankar Shyam;See Remarks;S - Sale+OE;$126.35;-167,545;1,452,685;-10%;-$21,169,439;;;;
DM;22.05.2025 20:20;20.05.2025;PLTR;Palantir Technologies Inc.;Cohen Stephen Andrew;See Remarks;S - Sale+OE;$126.35;-344,053;592;-100%;-$43,471,357;;;;
M;22.05.2025 20:22;20.05.2025;PLTR;Palantir Technologies Inc.;Glazer David A.;See Remarks;S - Sale;$126.35;-34,23;492,079;-7%;-$4,324,987;;;;
M;22.05.2025 20:23;20.05.2025;PLTR;Palantir Technologies Inc.;Taylor Ryan D.;See Remarks;S - Sale;$126.35;-39,416;363,755;-10%;-$4,980,241;;;;
M;22.05.2025 20:25;20.05.2025;PLTR;Palantir Technologies Inc.;Buckley Jeffrey;See Remarks;S - Sale;$126.35;-1,897;34,279;-5%;-$239,689;;;;
;28.02.2025 17:28;27.02.2025;PYPL;Paypal Holdings, Inc.;McGovern Gail J;Dir;S - Sale;$72.15;-2,446;29,734;-8%;-$176,479;;;;
D;04.11.2024 19:08;01.11.2024;TSLA;Tesla, Inc.;Taneja Vaibhav;CFO;S - Sale+OE;$251.76;-4;105,032;-4%;-$1,007,040;;;;
D;05.11.2024 20:14;01.11.2024;TSLA;Tesla, Inc.;Musk Kimbal;Dir;S - Sale+OE;$250.23;-60,5;1,563,220;-4%;-$15,138,945;;;;
D;13.11.2024 19:00;11.11.2024;TSLA;Tesla, Inc.;Wilson-Thompson Kathleen;Dir;S - Sale+OE;$346.03;-100;5,4;-95%;-$34,602,454;;;;
DM;13.11.2024 19:27;08.11.2024;TSLA;Tesla, Inc.;Taneja Vaibhav;CFO;S - Sale+OE;$316.91;-12;105,032;-10%;-$3,802,956;;;;
D;19.11.2024 19:00;15.11.2024;TSLA;Tesla, Inc.;Denholm Robyn M;Dir;S - Sale+OE;$314.44;-112,39;85;-57%;-$35,339,810;;;;
D;04.12.2024 19:00;02.12.2024;TSLA;Tesla, Inc.;Denholm Robyn M;Dir;S - Sale+OE;$354.06;-112,39;85;-57%;-$39,793,301;;;;
D;04.12.2024 20:24;02.12.2024;TSLA;Tesla, Inc.;Taneja Vaibhav;CFO;S - Sale+OE;$354.43;-7;105,032;-6%;-$2,481,039;;;;
D;06.12.2024 19:00;04.12.2024;TSLA;Tesla, Inc.;Wilson-Thompson Kathleen;Dir;S - Sale+OE;$352.54;-100;5,4;-95%;-$35,253,875;;;;
D;09.12.2024 18:58;06.12.2024;TSLA;Tesla, Inc.;Taneja Vaibhav;CFO;S - Sale+OE;$374.21;-2,606;108,965;-2%;-$975,015;;;;
D;08.01.2025 19:00;06.01.2025;TSLA;Tesla, Inc.;Wilson-Thompson Kathleen;Dir;S - Sale+OE;$411.63;-100;5,4;-95%;-$41,162,799;;;;
D;08.01.2025 19:48;06.01.2025;TSLA;Tesla, Inc.;Taneja Vaibhav;CFO;S - Sale+OE;$413.56;-7;108,965;-6%;-$2,894,918;;;;
D;05.02.2025 19:00;03.02.2025;TSLA;Tesla, Inc.;Denholm Robyn M;Dir;S - Sale+OE;$384.04;-112,39;85;-57%;-$43,162,564;;;;
D;05.02.2025 20:19;03.02.2025;TSLA;Tesla, Inc.;Taneja Vaibhav;CFO;S - Sale+OE;$383.11;-7;108,965;-6%;-$2,681,789;;;;
;10.02.2025 18:40;06.02.2025;TSLA;Tesla, Inc.;Musk Kimbal;Dir;S - Sale;$367.88;-75;1,463,220;-5%;-$27,590,619;;;;
D;05.03.2025 19:01;03.03.2025;TSLA;Tesla, Inc.;Denholm Robyn M;Dir;S - Sale+OE;$299.61;-112,39;85;-57%;-$33,672,976;;;;
D;05.03.2025 21:44;03.03.2025;TSLA;Tesla, Inc.;Taneja Vaibhav;CFO;S - Sale+OE;$296.02;-6;109,084;-5%;-$1,776,112;;;;
D;06.03.2025 20:40;06.03.2025;TSLA;Tesla, Inc.;Taneja Vaibhav;CFO;S - Sale+OE;$268.73;-2,672;112,95;-2%;-$718,111;;;;
D;12.03.2025 19:12;10.03.2025;TSLA;Tesla, Inc.;Murdoch James R;Dir;S - Sale+OE;$240.79;-54,776;884,306;-6%;-$13,189,403;;;;
D;09.04.2025 19:35;07.04.2025;TSLA;Tesla, Inc.;Taneja Vaibhav;CFO;S - Sale+OE;$250.00;-4;112,95;-3%;-$1,000,000;;;;
;28.04.2025 18:45;24.04.2025;TSLA;Tesla, Inc.;Gebbia Joseph;Dir;P - Purchase;$256.31;4;4,111;>999%;+$1,025,232;;;;
D;01.05.2025 19:00;29.04.2025;TSLA;Tesla, Inc.;Denholm Robyn M;Dir;S - Sale+OE;$285.58;-112,39;85;-57%;-$32,096,717;;;;
D;05.05.2025 21:33;01.05.2025;TSLA;Tesla, Inc.;Taneja Vaibhav;CFO;S - Sale+OE;$284.40;-4;112,95;-3%;-$1,137,599;;;;
D;08.05.2025 19:00;06.05.2025;TSLA;Tesla, Inc.;Denholm Robyn M;Dir;S - Sale+OE;$274.12;-112,395;85;-57%;-$30,809,625;;;;
D;13.05.2025 19:47;09.05.2025;TSLA;Tesla, Inc.;Taneja Vaibhav;CFO;S - Sale+OE;$300.00;-4;112,95;-3%;-$1,200,000;;;;
D;20.05.2025 19:24;16.05.2025;TSLA;Tesla, Inc.;Taneja Vaibhav;CFO;S - Sale+OE;$350.11;-3;112,95;-3%;-$1,050,336;;;;
D;29.05.2025 19:00;27.05.2025;TSLA;Tesla, Inc.;Musk Kimbal;Dir;S - Sale+OE;$357.39;-91,588;1,463,220;-6%;-$32,732,230;;;;
D;29.05.2025 19:02;27.05.2025;TSLA;Tesla, Inc.;Ehrenpreis IRA Matthew;Dir;S - Sale+OE;$357.30;-477,572;855,394;-36%;-$170,636,358;;;;
D;08.11.2024 16:33;06.11.2024;TXN;Texas Instruments Inc;Ilan Haviv;Pres, CEO;S - Sale+OE;$211.50;-25;158,676;-14%;-$5,287,595;;;;
D;08.11.2024 16:36;06.11.2024;TXN;Texas Instruments Inc;Witzsche Christine;SVP;S - Sale+OE;$211.68;-132;17,477;-1%;-$27,941;;;;
;08.11.2024 16:42;06.11.2024;TXN;Texas Instruments Inc;Gary Mark;SVP;S - Sale;$214.83;-4,377;37,926;-10%;-$940,296;;;;
D;13.11.2024 16:04;08.11.2024;TXN;Texas Instruments Inc;Gary Mark;SVP;S - Sale+OE;$219.82;-15,865;37,926;-29%;-$3,487,419;;;;
D;13.11.2024 16:07;07.11.2024;TXN;Texas Instruments Inc;Bahai Ahmad;SVP;S - Sale+OE;$217.25;-2,175;35,05;-6%;-$472,514;;;;
D;13.11.2024 16:08;07.11.2024;TXN;Texas Instruments Inc;Yunus Mohammad;SVP;S - Sale+OE;$216.94;-8,358;30,041;-22%;-$1,813,145;;;;
D;13.11.2024 16:12;08.11.2024;TXN;Texas Instruments Inc;Ilan Haviv;Pres, CEO;S - Sale+OE;$219.30;-13,151;158,676;-8%;-$2,884,026;;;;
D;13.11.2024 16:21;07.11.2024;TXN;Texas Instruments Inc;Lizardi Rafael R;SVP, CFO;S - Sale+OE;$217.16;-46,917;108,055;-30%;-$10,188,294;;;;
D;26.11.2024 16:05;25.11.2024;TXN;Texas Instruments Inc;Kirk Ronald;Dir;S - Sale+OE;$203.33;-10,539;14,323;-42%;-$2,142,910;;;;
;05.02.2025 16:30;04.02.2025;TXN;Texas Instruments Inc;Blinn Mark A;Dir;S - Sale;$180.71;-590;26,163;-2%;-$106,617;;;;
;19.02.2025 16:08;18.02.2025;TXN;Texas Instruments Inc;Leonard Shanon J;SVP;S - Sale;$186.62;-2,15;27,016;-7%;-$401,241;;;;
D;20.02.2025 16:05;19.02.2025;TXN;Texas Instruments Inc;Blinn Mark A;Dir;S - Sale+OE;$189.89;-6,186;26,163;-19%;-$1,174,646;;;;
DM;25.02.2025 17:26;21.02.2025;TXN;Texas Instruments Inc;Templeton Richard K;COB;S - Sale+OE;$202.70;-194;470,918;-29%;-$39,323,823;;;;
D;25.02.2025 17:29;24.02.2025;TXN;Texas Instruments Inc;Clark Janet F;Dir;S - Sale+OE;$203.62;-6,065;10,816;-36%;-$1,234,956;;;;
DM;27.02.2025 16:39;25.02.2025;TXN;Texas Instruments Inc;Templeton Richard K;COB;S - Sale+OE;$199.20;-194;470,918;-29%;-$38,645,457;;;;
DM;03.03.2025 16:28;27.02.2025;TXN;Texas Instruments Inc;Templeton Richard K;COB;S - Sale+OE;$195.41;-101,557;470,918;-18%;-$19,845,327;;;;
;29.01.2025 11:44;27.01.2025;VZ;Verizon Communications Inc;Malady Kyle;EVP, Group CEO-VZ Business;S - Sale;$40.54;-20;63,781;-24%;-$810,800;;;;
;30.01.2025 10:17;28.01.2025;VZ;Verizon Communications Inc;Malady Kyle;EVP, Group CEO-VZ Business;S - Sale;$40.49;-20;43,781;-31%;-$809,800;;;;
;31.01.2025 11:18;29.01.2025;VZ;Verizon Communications Inc;Malady Kyle;EVP, Group CEO-VZ Business;S - Sale;$40.88;-11,085;32,697;-25%;-$453,155;;;;
;05.02.2025 10:25;03.02.2025;VZ;Verizon Communications Inc;Malady Kyle;EVP, Group CEO-VZ Business;S - Sale;$39.89;-8;25,005;-24%;-$319,080;;;;
;06.02.2025 11:16;04.02.2025;VZ;Verizon Communications Inc;Malady Kyle;EVP, Group CEO-VZ Business;S - Sale;$39.70;-6,59;18,415;-26%;-$261,623;;;;
;27.02.2025 11:42;25.02.2025;VZ;Verizon Communications Inc;Venkatesh Vandana;EVP-PubPol, ChiefLegalOfficer;S - Sale;$43.79;-10;20,587;-33%;-$437,939;;;;
;24.04.2025 13:31;23.04.2025;VZ;Verizon Communications Inc;Malady Kyle;EVP, Group CEO-VZ Business;S - Sale;$42.49;-5;54,92;-8%;-$212,425;;;;
D;25.04.2025 16:22;24.04.2025;VZ;Verizon Communications Inc;Malady Kyle;EVP, Group CEO-VZ Business;S - Sale+OE;$43.02;-10;44,92;-18%;-$430,240;;;;
;01.05.2025 16:11;30.04.2025;VZ;Verizon Communications Inc;Malady Kyle;EVP, Group CEO-VZ Business;S - Sale;$43.88;-7,5;37,417;-17%;-$329,063;;;;
;08.05.2025 17:16;07.05.2025;VZ;Verizon Communications Inc;Malady Kyle;EVP, Group CEO-VZ Business;S - Sale;$44.10;-9;28,7;-24%;-$396,900;;;;
D;09.05.2025 15:46;08.05.2025;VZ;Verizon Communications Inc;Malady Kyle;EVP, Group CEO-VZ Business;S - Sale+OE;$43.81;-10;18,701;-35%;-$438,101;;;;
